abs_diff_km,address,alt_provider_length_km,attempt_number,canonical_address_id,canonical_route_km,dest_lat,dest_lon,geometry_sha256,had_prior_polyline,http_result,mode,origin_key,origin_lat,origin_lon,pct_diff,profile,provider,raw_response_path,raw_sha256,request_params,request_timestamp_utc,request_url,retry_count,route_id,territory,validation_status
0.0001,Госпитальная улица 8,6.3849,1,n2321749482,6.385,46.78606,29.45664,cd8fcfc9c768daf5bda51f2013f9286577e79c677ae8d800aecf3d7a8b17eeb3,True,Ok,cache_replay,central_bender_origin,46.82388,29.48313,-0.0,driving (full-planet OSM car) — NOT canonical car.lua,OSRM demo router.project-osrm.org (ALTERNATIVE_PROVIDER),data/interim/route-pilot/raw/n2321749482.osrm.json,29e49f97fbe93765a363fed9a7355df000870d0f30e6c7d431b5669b1c58bd4d,"{""overview"": ""full"", ""geometries"": ""geojson"", ""profile"": ""driving""}",2026-08-01T21:42:24Z,"https://router.project-osrm.org/route/v1/driving/29.483130,46.823880;29.456640,46.786060?overview=full&geometries=geojson",0,route_n2321749482,Гиска,ALT_PROVIDER_COMPARISON_ONLY
0.0007,улица Ленина 1,3.1663,1,n2323343711,3.167,46.83471,29.50995,d632127e0a388c541612921873251274cdc5275fd51cda546e30673a838679f6,True,Ok,cache_replay,central_bender_origin,46.82388,29.48313,-0.02,driving (full-planet OSM car) — NOT canonical car.lua,OSRM demo router.project-osrm.org (ALTERNATIVE_PROVIDER),data/interim/route-pilot/raw/n2323343711.osrm.json,5adb7a0471d02cf9be13aaac7e95b30bab240c78c0e94a4f1cab81a05303cdb8,"{""overview"": ""full"", ""geometries"": ""geojson"", ""profile"": ""driving""}",2026-08-01T21:42:24Z,"https://router.project-osrm.org/route/v1/driving/29.483130,46.823880;29.509950,46.834710?overview=full&geometries=geojson",0,route_n2323343711,Парканы,ALT_PROVIDER_COMPARISON_ONLY
0.0002,улица Ленина 3,3.1808,1,n2457586634,3.181,46.83459,29.50999,507117673cd201573c75a1e9ca8f9a1d8723f1cb5aaad0735877d23de570bdba,True,Ok,cache_replay,central_bender_origin,46.82388,29.48313,-0.01,driving (full-planet OSM car) — NOT canonical car.lua,OSRM demo router.project-osrm.org (ALTERNATIVE_PROVIDER),data/interim/route-pilot/raw/n2457586634.osrm.json,91e07f1b4a79bf5e542d1b2bbeff05db3dd9de324ac6a78f9cfee84d7ead2ce4,"{""overview"": ""full"", ""geometries"": ""geojson"", ""profile"": ""driving""}",2026-08-01T21:42:25Z,"https://router.project-osrm.org/route/v1/driving/29.483130,46.823880;29.509990,46.834590?overview=full&geometries=geojson",0,route_n2457586634,Парканы,ALT_PROVIDER_COMPARISON_ONLY
0.0007,улица Ленина 5,3.1997,1,n2457586635,3.199,46.83442,29.51002,58ded6a0f40c16b688cd834453c615eeb0cdf507ca531e91ca5442071614a972,True,Ok,cache_replay,central_bender_origin,46.82388,29.48313,0.02,driving (full-planet OSM car) — NOT canonical car.lua,OSRM demo router.project-osrm.org (ALTERNATIVE_PROVIDER),data/interim/route-pilot/raw/n2457586635.osrm.json,88c8a664704904d7b4b35b6887d76d15040260ef1839e914f9d00a6336afa55e,"{""overview"": ""full"", ""geometries"": ""geojson"", ""profile"": ""driving""}",2026-08-01T21:42:25Z,"https://router.project-osrm.org/route/v1/driving/29.483130,46.823880;29.510020,46.834420?overview=full&geometries=geojson",0,route_n2457586635,Парканы,ALT_PROVIDER_COMPARISON_ONLY
0.0003,улица Ленина 7,3.2143,1,n2457586636,3.214,46.83429,29.51004,d2336f8e233aaa508bf2da1d505308527f892982cd668c2c63401f3186670995,True,Ok,cache_replay,central_bender_origin,46.82388,29.48313,0.01,driving (full-planet OSM car) — NOT canonical car.lua,OSRM demo router.project-osrm.org (ALTERNATIVE_PROVIDER),data/interim/route-pilot/raw/n2457586636.osrm.json,63458b0ce1e70841fe6d4240a7bccdf08b1d1e9c41e0b67b938a7445dab31b26,"{""overview"": ""full"", ""geometries"": ""geojson"", ""profile"": ""driving""}",2026-08-01T21:42:25Z,"https://router.project-osrm.org/route/v1/driving/29.483130,46.823880;29.510040,46.834290?overview=full&geometries=geojson",0,route_n2457586636,Парканы,ALT_PROVIDER_COMPARISON_ONLY
0.0001,улица Ленина 9,3.2301,1,n2457586637,3.23,46.83415,29.51008,54a65003ab33c108d6adfea0b1beba28c04f3aa497c3541388773736c6095b1a,True,Ok,cache_replay,central_bender_origin,46.82388,29.48313,0.0,driving (full-planet OSM car) — NOT canonical car.lua,OSRM demo router.project-osrm.org (ALTERNATIVE_PROVIDER),data/interim/route-pilot/raw/n2457586637.osrm.json,7c68adf3186eafe43b6d9600ed71c4119e4aae583c86c7f5d23a4e420dbf0e2c,"{""overview"": ""full"", ""geometries"": ""geojson"", ""profile"": ""driving""}",2026-08-01T21:42:26Z,"https://router.project-osrm.org/route/v1/driving/29.483130,46.823880;29.510080,46.834150?overview=full&geometries=geojson",0,route_n2457586637,Парканы,ALT_PROVIDER_COMPARISON_ONLY
0.0004,Заводская улица 1,7.0754,1,n4418837238,7.075,46.86171,29.51571,6d281ba852444092d0f03a0ee9bfe53f574a6967997d703f5c59044a3ca54140,True,Ok,cache_replay,central_bender_origin,46.82388,29.48313,0.01,driving (full-planet OSM car) — NOT canonical car.lua,OSRM demo router.project-osrm.org (ALTERNATIVE_PROVIDER),data/interim/route-pilot/raw/n4418837238.osrm.json,eb2b0b4edfa83aab6f47ad3177c055d0c3fe4c93176cc9448b08d7cfbf6bee4b,"{""overview"": ""full"", ""geometries"": ""geojson"", ""profile"": ""driving""}",2026-08-01T21:42:26Z,"https://router.project-osrm.org/route/v1/driving/29.483130,46.823880;29.515710,46.861710?overview=full&geometries=geojson",0,route_n4418837238,Парканы,ALT_PROVIDER_COMPARISON_ONLY
0.0009,Банный переулок 1,6.9109,1,w353259234,6.91,46.82612,29.43508,43a33db56d0a5524eb95c2f672a590336cea3a82fdc14eada329da1542a0c4f6,True,Ok,cache_replay,central_bender_origin,46.82388,29.48313,0.01,driving (full-planet OSM car) — NOT canonical car.lua,OSRM demo router.project-osrm.org (ALTERNATIVE_PROVIDER),data/interim/route-pilot/raw/w353259234.osrm.json,5bd52df1dabc7c115cb25364dc7afc1f101a93cfc05b3fed418f16e1fc8b7dae,"{""overview"": ""full"", ""geometries"": ""geojson"", ""profile"": ""driving""}",2026-08-01T21:42:26Z,"https://router.project-osrm.org/route/v1/driving/29.483130,46.823880;29.435080,46.826120?overview=full&geometries=geojson",0,route_w353259234,Протягайловка,ALT_PROVIDER_COMPARISON_ONLY
0.0001,улица Суворова 6,3.6601,1,w353619672,3.66,46.79347,29.47629,15eb5d8883eee6d14ffd4b98c6704be81fb08092717b5d6bcaa8107945cc7545,True,Ok,cache_replay,central_bender_origin,46.82388,29.48313,0.0,driving (full-planet OSM car) — NOT canonical car.lua,OSRM demo router.project-osrm.org (ALTERNATIVE_PROVIDER),data/interim/route-pilot/raw/w353619672.osrm.json,c3d5513d682ee84bd4497b740b302121ec2ae4e9d848f6e38f18b01fc914c8f0,"{""overview"": ""full"", ""geometries"": ""geojson"", ""profile"": ""driving""}",2026-08-01T21:42:27Z,"https://router.project-osrm.org/route/v1/driving/29.483130,46.823880;29.476290,46.793470?overview=full&geometries=geojson",0,route_w353619672,Гиска,ALT_PROVIDER_COMPARISON_ONLY
0.0002,улица Суворова 79,3.6598,1,w353817270,3.66,46.79347,29.47698,b334269be1ce0e88daa76457d662b9aeb9ff41d5b9f56fba2b6d9b5781ec72b9,True,Ok,cache_replay,central_bender_origin,46.82388,29.48313,-0.01,driving (full-planet OSM car) — NOT canonical car.lua,OSRM demo router.project-osrm.org (ALTERNATIVE_PROVIDER),data/interim/route-pilot/raw/w353817270.osrm.json,3b319442d49e610e88a11a16ead4ce173fb3943e552926b8a82807258e5a2a6b,"{""overview"": ""full"", ""geometries"": ""geojson"", ""profile"": ""driving""}",2026-08-01T21:42:27Z,"https://router.project-osrm.org/route/v1/driving/29.483130,46.823880;29.476980,46.793470?overview=full&geometries=geojson",0,route_w353817270,Гиска,ALT_PROVIDER_COMPARISON_ONLY
0.0002,улица Суворова 81,3.6862,1,w353817271,3.686,46.79323,29.47704,409c65942c685255e0c7f7196f248e28635d48a3ff90bbab71c60f6eebfe9e87,True,Ok,cache_replay,central_bender_origin,46.82388,29.48313,0.01,driving (full-planet OSM car) — NOT canonical car.lua,OSRM demo router.project-osrm.org (ALTERNATIVE_PROVIDER),data/interim/route-pilot/raw/w353817271.osrm.json,ed87101bcaa386932d0b44e0ecc0872fc21d5193d035ff6769dcc5272289ad29,"{""overview"": ""full"", ""geometries"": ""geojson"", ""profile"": ""driving""}",2026-08-01T21:42:27Z,"https://router.project-osrm.org/route/v1/driving/29.483130,46.823880;29.477040,46.793230?overview=full&geometries=geojson",0,route_w353817271,Гиска,ALT_PROVIDER_COMPARISON_ONLY
0.0007,улица Суворова 83а,3.7073,1,w353817272,3.708,46.79304,29.47697,df84a2b26a1d64fbf9cea7113a059b2daf44da221bc6457190867dfc65feb1e7,True,Ok,cache_replay,central_bender_origin,46.82388,29.48313,-0.02,driving (full-planet OSM car) — NOT canonical car.lua,OSRM demo router.project-osrm.org (ALTERNATIVE_PROVIDER),data/interim/route-pilot/raw/w353817272.osrm.json,8c64684d30b3ca381f7376780b05fbd164a91e736df7082f80c1bf6fa010c1f5,"{""overview"": ""full"", ""geometries"": ""geojson"", ""profile"": ""driving""}",2026-08-01T21:42:28Z,"https://router.project-osrm.org/route/v1/driving/29.483130,46.823880;29.476970,46.793040?overview=full&geometries=geojson",0,route_w353817272,Гиска,ALT_PROVIDER_COMPARISON_ONLY
0.001,улица Ленина 4,3.231,1,n2457586661,3.23,46.83409,29.50969,60ce1ffba9b78dd023e6ebd7a6535510ffccfbb8f8618e2d1356419fa0dc45af,False,Ok,cache_replay,central_bender_origin,46.82388,29.48313,0.03,driving (full-planet OSM car) — NOT canonical car.lua,OSRM demo router.project-osrm.org (ALTERNATIVE_PROVIDER),data/interim/route-pilot/raw/n2457586661.osrm.json,4e9dc861da36931d58e5d98a2d0f6c8408ed53290910e762c1466f19780751c9,"{""overview"": ""full"", ""geometries"": ""geojson"", ""profile"": ""driving""}",2026-08-01T21:42:28Z,"https://router.project-osrm.org/route/v1/driving/29.483130,46.823880;29.509690,46.834090?overview=full&geometries=geojson",0,route_n2457586661,Парканы,ALT_PROVIDER_COMPARISON_ONLY
0.0009,улица Ленина 10,3.2479,1,n2457586638,3.247,46.83399,29.5101,df2a42e1d6250dfc22ffe1707f42e71617979916058bff5053ed439a0292c1ce,False,Ok,cache_replay,central_bender_origin,46.82388,29.48313,0.03,driving (full-planet OSM car) — NOT canonical car.lua,OSRM demo router.project-osrm.org (ALTERNATIVE_PROVIDER),data/interim/route-pilot/raw/n2457586638.osrm.json,6e8b755663840a34b596392fd368c85b1faec92d18f9a0b472fb00d141ebfbd5,"{""overview"": ""full"", ""geometries"": ""geojson"", ""profile"": ""driving""}",2026-08-01T21:42:28Z,"https://router.project-osrm.org/route/v1/driving/29.483130,46.823880;29.510100,46.833990?overview=full&geometries=geojson",0,route_n2457586638,Парканы,ALT_PROVIDER_COMPARISON_ONLY
0.0002,улица Ленина 11,3.2668,1,n2457586639,3.267,46.83382,29.51013,b9e31677c245876138098fcad9c89f4329f64bd6162164dcd4e7673c9c165b0f,False,Ok,cache_replay,central_bender_origin,46.82388,29.48313,-0.01,driving (full-planet OSM car) — NOT canonical car.lua,OSRM demo router.project-osrm.org (ALTERNATIVE_PROVIDER),data/interim/route-pilot/raw/n2457586639.osrm.json,98e52fd0221b5e4d3739bd2f3a5d5fda1028c98713ae18ff6c41a73c73be988e,"{""overview"": ""full"", ""geometries"": ""geojson"", ""profile"": ""driving""}",2026-08-01T21:42:29Z,"https://router.project-osrm.org/route/v1/driving/29.483130,46.823880;29.510130,46.833820?overview=full&geometries=geojson",0,route_n2457586639,Парканы,ALT_PROVIDER_COMPARISON_ONLY
0.0003,улица Ленина 6,3.2743,1,n2457586662,3.274,46.83369,29.50967,2c7400c595f7fef69a4d760e0f0d9c95398773d35fab454889d67956a47114e3,False,Ok,cache_replay,central_bender_origin,46.82388,29.48313,0.01,driving (full-planet OSM car) — NOT canonical car.lua,OSRM demo router.project-osrm.org (ALTERNATIVE_PROVIDER),data/interim/route-pilot/raw/n2457586662.osrm.json,eae9b719d02a06c6712debe2c8b43da073e097d2cebde153089307be8e51f408,"{""overview"": ""full"", ""geometries"": ""geojson"", ""profile"": ""driving""}",2026-08-01T21:42:29Z,"https://router.project-osrm.org/route/v1/driving/29.483130,46.823880;29.509670,46.833690?overview=full&geometries=geojson",0,route_n2457586662,Парканы,ALT_PROVIDER_COMPARISON_ONLY
0.2071,Садовая улица 43,8.9139,1,w316846224,9.121,46.84163,29.43558,4dd51e14f5071e615aab71fa2b4edb1d04376bc7e176f49ea69012d76471aa0a,False,Ok,cache_replay,central_bender_origin,46.82388,29.48313,-2.27,driving (full-planet OSM car) — NOT canonical car.lua,OSRM demo router.project-osrm.org (ALTERNATIVE_PROVIDER),data/interim/route-pilot/raw/w316846224.osrm.json,904c23affed82acc9cb47986a94d6cc4c745a977b788fa7e97807969a911273e,"{""overview"": ""full"", ""geometries"": ""geojson"", ""profile"": ""driving""}",2026-08-01T21:42:29Z,"https://router.project-osrm.org/route/v1/driving/29.483130,46.823880;29.435580,46.841630?overview=full&geometries=geojson",0,route_w316846224,Протягайловка,ALT_PROVIDER_COMPARISON_ONLY
0.0002,улица Ленина 313,9.1248,1,n2341956745,9.125,46.78846,29.40535,28c05596027964d6bb5ac67b1705d50a83e372686ea6d160935bc9949f2813ec,False,Ok,cache_replay,central_bender_origin,46.82388,29.48313,-0.0,driving (full-planet OSM car) — NOT canonical car.lua,OSRM demo router.project-osrm.org (ALTERNATIVE_PROVIDER),data/interim/route-pilot/raw/n2341956745.osrm.json,7f2343ca15322fd01f2b3bfccea1dbaaa7a990adea8817c8ed0198f6f8731161,"{""overview"": ""full"", ""geometries"": ""geojson"", ""profile"": ""driving""}",2026-08-01T21:42:30Z,"https://router.project-osrm.org/route/v1/driving/29.483130,46.823880;29.405350,46.788460?overview=full&geometries=geojson",0,route_n2341956745,Гиска,ALT_PROVIDER_COMPARISON_ONLY
0.0001,улица Ленина 296,9.3699,1,n2341956746,9.37,46.78939,29.40243,37ff825f131989eefc483054c4cfef5da61036fe7ccea438e21749bc1381c66b,False,Ok,cache_replay,central_bender_origin,46.82388,29.48313,-0.0,driving (full-planet OSM car) — NOT canonical car.lua,OSRM demo router.project-osrm.org (ALTERNATIVE_PROVIDER),data/interim/route-pilot/raw/n2341956746.osrm.json,2159be9c3e1a93b4c2178163e87e2c19f4c7972156c263bbe3b8a5393b44571c,"{""overview"": ""full"", ""geometries"": ""geojson"", ""profile"": ""driving""}",2026-08-01T21:42:30Z,"https://router.project-osrm.org/route/v1/driving/29.483130,46.823880;29.402430,46.789390?overview=full&geometries=geojson",0,route_n2341956746,Гиска,ALT_PROVIDER_COMPARISON_ONLY
0.0002,улица Ленина 329,9.3712,1,n2341956747,9.371,46.78922,29.40238,c2cfbba29b9df69043316ebf56adf53df56aa4924cd6c8c1f0d69f015db8bbd9,False,Ok,cache_replay,central_bender_origin,46.82388,29.48313,0.0,driving (full-planet OSM car) — NOT canonical car.lua,OSRM demo router.project-osrm.org (ALTERNATIVE_PROVIDER),data/interim/route-pilot/raw/n2341956747.osrm.json,bbee361a0dfd197bd546862ce002a26c201723a7e804beac620fb46328b50c72,"{""overview"": ""full"", ""geometries"": ""geojson"", ""profile"": ""driving""}",2026-08-01T21:42:30Z,"https://router.project-osrm.org/route/v1/driving/29.483130,46.823880;29.402380,46.789220?overview=full&geometries=geojson",0,route_n2341956747,Гиска,ALT_PROVIDER_COMPARISON_ONLY
0.0004,улица Чкалова 21,4.5094,1,n2452549463,4.509,46.83406,29.526,d758254766bc9bf7696abfddfbfdff033a8cbe408c0643fb5ca33b9569358e6a,False,Ok,cache_replay,central_bender_origin,46.82388,29.48313,0.01,driving (full-planet OSM car) — NOT canonical car.lua,OSRM demo router.project-osrm.org (ALTERNATIVE_PROVIDER),data/interim/route-pilot/raw/n2452549463.osrm.json,fdff5481add06c297e165579bc0700037e65db22204cb02bd6f5240b86140309,"{""overview"": ""full"", ""geometries"": ""geojson"", ""profile"": ""driving""}",2026-08-01T21:42:31Z,"https://router.project-osrm.org/route/v1/driving/29.483130,46.823880;29.526000,46.834060?overview=full&geometries=geojson",0,route_n2452549463,Парканы,ALT_PROVIDER_COMPARISON_ONLY
0.001,улица Котовского 151,5.179,1,n2454873384,5.178,46.82344,29.52352,31e7f0c9642f464979a67be51924bda21e9f6244a877455e80ef1170b4fd7446,False,Ok,cache_replay,central_bender_origin,46.82388,29.48313,0.02,driving (full-planet OSM car) — NOT canonical car.lua,OSRM demo router.project-osrm.org (ALTERNATIVE_PROVIDER),data/interim/route-pilot/raw/n2454873384.osrm.json,666c3a7e3301e7154e9ba9be823e8e2e9059c54eeaf906561a414554ecc29437,"{""overview"": ""full"", ""geometries"": ""geojson"", ""profile"": ""driving""}",2026-08-01T21:42:31Z,"https://router.project-osrm.org/route/v1/driving/29.483130,46.823880;29.523520,46.823440?overview=full&geometries=geojson",0,route_n2454873384,Парканы,ALT_PROVIDER_COMPARISON_ONLY
0.0004,улица Горького 151,5.8884,1,n2450951755,5.888,46.82329,29.52954,6d5aa4f3edcfd32df1101e82a04a459bab213583814e13eea898d39e16a91c28,False,Ok,cache_replay,central_bender_origin,46.82388,29.48313,0.01,driving (full-planet OSM car) — NOT canonical car.lua,OSRM demo router.project-osrm.org (ALTERNATIVE_PROVIDER),data/interim/route-pilot/raw/n2450951755.osrm.json,4dda2d911364abee64858c8642011696fccdf4514f9e80725525fe32202021a7,"{""overview"": ""full"", ""geometries"": ""geojson"", ""profile"": ""driving""}",2026-08-01T21:42:31Z,"https://router.project-osrm.org/route/v1/driving/29.483130,46.823880;29.529540,46.823290?overview=full&geometries=geojson",0,route_n2450951755,Парканы,ALT_PROVIDER_COMPARISON_ONLY
0.0005,улица Суворова 83,3.7185,1,w353818413,3.718,46.79294,29.47694,6c85467f128d1b2ed20ac6c8dc8281e6126eb05b8192b391438989674726ad8b,False,Ok,cache_replay,central_bender_origin,46.82388,29.48313,0.01,driving (full-planet OSM car) — NOT canonical car.lua,OSRM demo router.project-osrm.org (ALTERNATIVE_PROVIDER),data/interim/route-pilot/raw/w353818413.osrm.json,d4f3c2aa22a9de3b56c97d47fd92e0c3c042bcc75a9e5bb2a8214bad7fc50f72,"{""overview"": ""full"", ""geometries"": ""geojson"", ""profile"": ""driving""}",2026-08-01T21:42:32Z,"https://router.project-osrm.org/route/v1/driving/29.483130,46.823880;29.476940,46.792940?overview=full&geometries=geojson",0,route_w353818413,Гиска,ALT_PROVIDER_COMPARISON_ONLY
0.0007,Первомайская улица 29,4.5083,1,w410936927,4.509,46.79566,29.45141,d5a0d450d0c087887858bcc64235ae42501d9d1a6b3107267f585f2b19820f93,False,Ok,cache_replay,central_bender_origin,46.82388,29.48313,-0.02,driving (full-planet OSM car) — NOT canonical car.lua,OSRM demo router.project-osrm.org (ALTERNATIVE_PROVIDER),data/interim/route-pilot/raw/w410936927.osrm.json,eb17b4d46ab894e76aa9b7935c67533bdc7ec6822259cb41a8041c65b83cb261,"{""overview"": ""full"", ""geometries"": ""geojson"", ""profile"": ""driving""}",2026-08-01T21:42:32Z,"https://router.project-osrm.org/route/v1/driving/29.483130,46.823880;29.451410,46.795660?overview=full&geometries=geojson",0,route_w410936927,Гиска,ALT_PROVIDER_COMPARISON_ONLY
0.0005,улица Бориса Главана 22,5.9065,1,n2321749461,5.907,46.78341,29.44656,b0be2c29d85b54b25c5ced49d87babc03fa080306c0f73d8397a913ffbf34092,False,Ok,cache_replay,central_bender_origin,46.82388,29.48313,-0.01,driving (full-planet OSM car) — NOT canonical car.lua,OSRM demo router.project-osrm.org (ALTERNATIVE_PROVIDER),data/interim/route-pilot/raw/n2321749461.osrm.json,778b497dd338da15314336c20c5c624bd3d8fc21e4cf358613a0540eae7ee64d,"{""overview"": ""full"", ""geometries"": ""geojson"", ""profile"": ""driving""}",2026-08-01T21:42:32Z,"https://router.project-osrm.org/route/v1/driving/29.483130,46.823880;29.446560,46.783410?overview=full&geometries=geojson",0,route_n2321749461,Гиска,ALT_PROVIDER_COMPARISON_ONLY
0.0003,Театральная улица 7,7.2277,1,w225418020,7.228,46.78261,29.4311,1543a2dadcf94cb0d4bae69636dbc97f36aa49f21be7114f69d783b675e51138,False,Ok,cache_replay,central_bender_origin,46.82388,29.48313,-0.0,driving (full-planet OSM car) — NOT canonical car.lua,OSRM demo router.project-osrm.org (ALTERNATIVE_PROVIDER),data/interim/route-pilot/raw/w225418020.osrm.json,044e3b19cc4121c0edb4993e18d396e325e419fe7bfd73e17085e0e76a937a2a,"{""overview"": ""full"", ""geometries"": ""geojson"", ""profile"": ""driving""}",2026-08-01T21:42:32Z,"https://router.project-osrm.org/route/v1/driving/29.483130,46.823880;29.431100,46.782610?overview=full&geometries=geojson",0,route_w225418020,Гиска,ALT_PROVIDER_COMPARISON_ONLY
0.0001,Главная улица 24,4.4839,1,w353044310,4.484,46.81594,29.45069,94a459c246ac578453b9563bd788c7b5850a370abecd93a260811d7ab65767bc,False,Ok,cache_replay,central_bender_origin,46.82388,29.48313,-0.0,driving (full-planet OSM car) — NOT canonical car.lua,OSRM demo router.project-osrm.org (ALTERNATIVE_PROVIDER),data/interim/route-pilot/raw/w353044310.osrm.json,e95a5c0dd1b79953e95cad3ab0f0308d35af62518c5f777601a3f7c33cde8099,"{""overview"": ""full"", ""geometries"": ""geojson"", ""profile"": ""driving""}",2026-08-01T21:42:33Z,"https://router.project-osrm.org/route/v1/driving/29.483130,46.823880;29.450690,46.815940?overview=full&geometries=geojson",0,route_w353044310,Протягайловка,ALT_PROVIDER_COMPARISON_ONLY
0.055,улица 50 лет Победы 29,6.21,1,w352285814,6.155,46.8277,29.44778,5c264aa68602bee05bf6f0e1c8afe53ba3a346e1d959dd93c7d0ff62145730f9,False,Ok,cache_replay,central_bender_origin,46.82388,29.48313,0.89,driving (full-planet OSM car) — NOT canonical car.lua,OSRM demo router.project-osrm.org (ALTERNATIVE_PROVIDER),data/interim/route-pilot/raw/w352285814.osrm.json,f5d3c86d8e10cec18ef0bd844987becff62884b2dd786fa11d45b0dfb3334f8b,"{""overview"": ""full"", ""geometries"": ""geojson"", ""profile"": ""driving""}",2026-08-01T21:42:33Z,"https://router.project-osrm.org/route/v1/driving/29.483130,46.823880;29.447780,46.827700?overview=full&geometries=geojson",0,route_w352285814,Протягайловка,ALT_PROVIDER_COMPARISON_ONLY
0.0005,Гербовецкая улица 84,6.4655,1,w352339715,6.466,46.82566,29.44035,b60eeaaa5f25784c78e11218ac9d632329d0d6584bd7af53c510a52c839c6047,False,Ok,cache_replay,central_bender_origin,46.82388,29.48313,-0.01,driving (full-planet OSM car) — NOT canonical car.lua,OSRM demo router.project-osrm.org (ALTERNATIVE_PROVIDER),data/interim/route-pilot/raw/w352339715.osrm.json,eef2490c5fd217a6e0c3bcad6b91cee99cc89774b2137fff7d9ad3a6fa503a6c,"{""overview"": ""full"", ""geometries"": ""geojson"", ""profile"": ""driving""}",2026-08-01T21:42:33Z,"https://router.project-osrm.org/route/v1/driving/29.483130,46.823880;29.440350,46.825660?overview=full&geometries=geojson",0,route_w352339715,Протягайловка,ALT_PROVIDER_COMPARISON_ONLY
