probability_sample_id,forward_sample_id,address_id,territory,street,house_number,sampling_weight,yandex_match_status,checked_date
YPS-0001,YAP-0001,w301982110,Бендеры,Путейская улица,10а,19.000000000000,DIFFERENT_HOUSE_NUMBER,2026-07-27
YPS-0003,YAP-0002,w209273612,Бендеры,улица Павлика Морозова,6,29.800000000000,EXACT_MATCH,2026-07-27
YPS-0004,YAP-0003,w352149830,Бендеры,Каховский тупик,1а,19.000000000000,NORMALIZED_EQUIVALENT,2026-07-27
YPS-0005,YAP-0004,w285074328,Бендеры,Коммунистическая улица,89,31.210526315789,EXACT_MATCH,2026-07-27
YPS-0006,YAP-0005,n2337948159,Протягайловка,улица Мунтяна,14,23.666666666667,EXACT_MATCH,2026-07-27
YPS-0007,YAP-0006,w295342534,Бендеры,Садовая улица,37,31.090909090909,EXACT_MATCH,2026-07-27
YPS-0008,YAP-0007,w315035700,Бендеры,Индустриальная улица,"4в, 4/1, 4д",7.000000000000,AMBIGUOUS_REQUIRES_REVIEW,2026-07-27
YPS-0009,YAP-0008,w353143173,Протягайловка,Главный переулок,5,17.333333333333,EXACT_MATCH,2026-07-27
YPS-0011,YAP-0009,n2458498648,Парканы,улица Энгельса,7,31.828571428571,DIFFERENT_HOUSE_NUMBER,2026-07-27
YPS-0012,YAP-0010,n2459265327,Парканы,Молодёжная улица,99,30.166666666667,DIFFERENT_HOUSE_NUMBER,2026-07-27
YPS-0013,YAP-0011,n2323407237,Парканы,улица Карла Маркса,119,31.114285714286,DIFFERENT_HOUSE_NUMBER,2026-07-27
YPS-0014,YAP-0012,w295619135,Бендеры,Херсонский проезд,94,8.500000000000,AMBIGUOUS_REQUIRES_REVIEW,2026-07-27
YPS-0015,YAP-0013,w306219469,Бендеры,Бельцкая улица,22,31.466666666667,EXACT_MATCH,2026-07-27
YPS-0016,YAP-0014,w290334247,Бендеры,Коммунистическая улица,117,31.210526315789,EXACT_MATCH,2026-07-27
YPS-0017,YAP-0015,w303836266,Бендеры,улица Карбышева,16,31.105263157895,EXACT_MATCH,2026-07-27
YPS-0018,YAP-0016,n2460690905,Парканы,улица Русакова,40,30.166666666667,AMBIGUOUS_REQUIRES_REVIEW,2026-07-27
YPS-0019,YAP-0017,w324427417,Бендеры,улица Тамары Кручок,82,31.090909090909,EXACT_MATCH,2026-07-27
YPS-0020,YAP-0018,w316027893,Бендеры,улица Ивана Федько,5,31.466666666667,NORMALIZED_EQUIVALENT,2026-07-27
YPS-0021,YAP-0019,w299357718,Бендеры,Рыбницкий переулок,44,28.142857142857,AMBIGUOUS_REQUIRES_REVIEW,2026-07-27
YPS-0022,YAP-0020,n2337985528,Протягайловка,Главная улица,2а,1.000000000000,DIFFERENT_HOUSE_NUMBER,2026-07-27
YPS-0023,YAP-0021,n2457458994,Парканы,Комсомольская улица,139,31.828571428571,EXACT_MATCH,2026-07-27
YPS-0024,YAP-0022,n2322975403,Бендеры,улица Горького,7,28.142857142857,DIFFERENT_HOUSE_NUMBER,2026-07-27
YPS-0025,YAP-0023,n2323674210,Парканы,улица Суворова,145,30.166666666667,AMBIGUOUS_REQUIRES_REVIEW,2026-07-27
YPS-0027,YAP-0024,n2458688107,Парканы,улица Карла Маркса,177,31.114285714286,DIFFERENT_HOUSE_NUMBER,2026-07-27
YPS-0029,YAP-0025,n4988630634,Протягайловка,Главная улица,172,1.000000000000,EXACT_MATCH,2026-07-27
YPS-0031,YAP-0026,w315851322,Бендеры,улица Осипенко,55,31.466666666667,EXACT_MATCH,2026-07-27
YPS-0032,YAP-0027,w531442969,Гиска,улица 40 лет МССР,70,7.000000000000,DIFFERENT_HOUSE_NUMBER,2026-07-27
YPS-0035,YAP-0028,w405112654,Бендеры,улица Тимирязева,6,28.538461538462,EXACT_MATCH,2026-07-27
YPS-0036,YAP-0029,w319390758,Бендеры,Колхозный переулок,14,28.000000000000,EXACT_MATCH,2026-07-27
YPS-0037,YAP-0030,n2457246804,Парканы,Комсомольская улица,33,30.166666666667,EXACT_MATCH,2026-07-27
YPS-0038,YAP-0031,w164988237,Бендеры,Коммунистическая улица,77,31.210526315789,EXACT_MATCH,2026-07-27
YPS-0039,YAP-0032,w222794982,Бендеры,Советская улица,58,31.210526315789,EXACT_MATCH,2026-07-27
YPS-0040,YAP-0033,w295003786,Бендеры,улица Кавриаго,37,31.090909090909,EXACT_MATCH,2026-07-27
YPS-0042,YAP-0034,n2459459672,Парканы,улица Пушкина,50,30.166666666667,EXACT_MATCH,2026-07-27
YPS-0043,YAP-0035,n2321749437,Гиска,улица Ленина,90а,4.000000000000,DIFFERENT_HOUSE_NUMBER,2026-07-27
YPS-0044,YAP-0036,n2457459013,Парканы,Комсомольская улица,149,31.828571428571,EXACT_MATCH,2026-07-27
YPS-0045,YAP-0037,w320438943,Бендеры,улица Калашникова,53,31.466666666667,EXACT_MATCH,2026-07-27
YPS-0046,YAP-0038,w209287666,Бендеры,улица Ползунова,41,31.466666666667,DIFFERENT_HOUSE_NUMBER,2026-07-27
YPS-0047,YAP-0039,n2459780626,Парканы,улица Романенко,55,31.114285714286,DIFFERENT_HOUSE_NUMBER,2026-07-27
YPS-0048,YAP-0040,w299220284,Бендеры,Песчанная улица,132а,19.500000000000,AMBIGUOUS_REQUIRES_REVIEW,2026-07-27
YPS-0049,YAP-0041,n2453786266,Парканы,улица Ворошилова,117,31.828571428571,EXACT_MATCH,2026-07-27
YPS-0050,YAP-0042,n6560452192,Бендеры,улица Сергея Лазо,11-12,2.000000000000,DIFFERENT_HOUSE_NUMBER,2026-07-27
YPS-0052,YAP-0043,w222762485,Бендеры,Первомайская улица,36,31.105263157895,EXACT_MATCH,2026-07-27
YPS-0053,YAP-0044,n2459459679,Парканы,улица Пушкина,64,30.166666666667,EXACT_MATCH,2026-07-27
YPS-0054,YAP-0045,n2450962243,Парканы,улица Горького,140,31.828571428571,AMBIGUOUS_REQUIRES_REVIEW,2026-07-27
YPS-0055,YAP-0046,w290336191,Бендеры,Комсомольская улица,101,31.210526315789,DIFFERENT_HOUSE_NUMBER,2026-07-27
YPS-0056,YAP-0047,n2459893755,Парканы,улица Романенко,124,31.114285714286,DIFFERENT_HOUSE_NUMBER,2026-07-27
YPS-0057,YAP-0048,n4991183336,Гиска,Заречная улица,13,1.000000000000,DIFFERENT_HOUSE_NUMBER,2026-07-27
YPS-0058,YAP-0049,w405297213,Бендеры,улица Строителей,19,28.538461538462,AMBIGUOUS_REQUIRES_REVIEW,2026-07-27
YPS-0059,YAP-0050,w353825064,Гиска,улица Суворова,101,23.000000000000,AMBIGUOUS_REQUIRES_REVIEW,2026-07-27
YPS-0062,YAP-0051,n2341959256,Гиска,Учительская улица,1,24.750000000000,DIFFERENT_HOUSE_NUMBER,2026-07-27
YPS-0063,YAP-0052,n2322975402,Бендеры,улица Пушкина,66,31.105263157895,AMBIGUOUS_REQUIRES_REVIEW,2026-07-27
YPS-0064,YAP-0053,w317149187,Бендеры,улица Гоголя,26,31.466666666667,EXACT_MATCH,2026-07-27
YPS-0065,YAP-0054,n2459893781,Парканы,улица Романенко,102,31.114285714286,DIFFERENT_HOUSE_NUMBER,2026-07-27
YPS-0066,YAP-0055,w441641178,Протягайловка,улица Алеку Руссо,25,20.666666666667,EXACT_MATCH,2026-07-27
YPS-0067,YAP-0056,w757869686,Бендеры,улица Куйбышева,46,31.466666666667,EXACT_MATCH,2026-07-27
YPS-0068,YAP-0057,w409314660,Бендеры,Восточный переулок,7,28.538461538462,EXACT_MATCH,2026-07-27
YPS-0069,YAP-0058,w303849102,Бендеры,улица 5 Декабря,12,31.105263157895,EXACT_MATCH,2026-07-27
YPS-0070,YAP-0059,w319144223,Бендеры,Бельцкая улица,36/36а,9.000000000000,DIFFERENT_HOUSE_NUMBER,2026-07-27
YPS-0071,YAP-0060,w222864358,Гиска,улица Ленина,2/A,1.000000000000,NORMALIZED_EQUIVALENT,2026-07-27
YPS-0072,YAP-0061,w291377842,Бендеры,улица Калинина,78,31.210526315789,DIFFERENT_HOUSE_NUMBER,2026-07-27
YPS-0073,YAP-0062,w295334394,Бендеры,улица Шестакова,77,31.090909090909,EXACT_MATCH,2026-07-27
YPS-0074,YAP-0063,n2458529487,Парканы,улица Карла Маркса,45а,10.500000000000,DIFFERENT_HOUSE_NUMBER,2026-07-27
YPS-0075,YAP-0064,w304088431,Бендеры,улица Бориса Главана,12,31.105263157895,DIFFERENT_HOUSE_NUMBER,2026-07-27
YPS-0076,YAP-0065,w320382879,Бендеры,улица Энгельса,6а,24.000000000000,NORMALIZED_EQUIVALENT,2026-07-27
YPS-0077,YAP-0066,n2460690893,Парканы,улица Русакова,47,30.166666666667,AMBIGUOUS_REQUIRES_REVIEW,2026-07-27
YPS-0078,YAP-0067,w209416039,Бендеры,улица Спартака,64,31.466666666667,AMBIGUOUS_REQUIRES_REVIEW,2026-07-27
YPS-0079,YAP-0068,w41852300,Бендеры,улица Дзержинского,71,31.105263157895,EXACT_MATCH,2026-07-27
YPS-0080,YAP-0069,w353610686,Гиска,улица Мира,23,23.000000000000,AMBIGUOUS_REQUIRES_REVIEW,2026-07-27
YPS-0081,YAP-0070,w319850087,Бендеры,Кирпичный переулок,5,28.538461538462,EXACT_MATCH,2026-07-27
YPS-0082,YAP-0071,w303323460,Бендеры,улица Карбышева,44,31.105263157895,EXACT_MATCH,2026-07-27
YPS-0084,YAP-0072,w405169693,Бендеры,улица Тамары Кручок,90,31.090909090909,EXACT_MATCH,2026-07-27
YPS-0085,YAP-0073,n2458498649,Парканы,улица Энгельса,5,31.828571428571,DIFFERENT_HOUSE_NUMBER,2026-07-27
YPS-0086,YAP-0074,n2323574994,Бендеры,переулок Павлова,6,9.500000000000,DIFFERENT_HOUSE_NUMBER,2026-07-27
YPS-0087,YAP-0075,w318084711,Бендеры,Глинная улица,1,16.000000000000,EXACT_MATCH,2026-07-27
YPS-0088,YAP-0076,w301630540,Бендеры,Песчанная улица,17,31.090909090909,NORMALIZED_EQUIVALENT,2026-07-27
YPS-0089,YAP-0077,n2457584904,Парканы,улица Ленина,109,30.166666666667,EXACT_MATCH,2026-07-27
YPS-0090,YAP-0078,n2458529484,Парканы,улица Карла Маркса,70,31.828571428571,AMBIGUOUS_REQUIRES_REVIEW,2026-07-27
YPS-0091,YAP-0079,w352148079,Бендеры,Кишинёвский тупик,2,29.800000000000,EXACT_MATCH,2026-07-27
YPS-0092,YAP-0080,n2334260105,Бендеры,Каховская улица,4,31.466666666667,EXACT_MATCH,2026-07-27
YPS-0093,YAP-0081,n2459147641,Парканы,улица Чапаева,209,30.166666666667,AMBIGUOUS_REQUIRES_REVIEW,2026-07-27
YPS-0094,YAP-0082,w404798031,Бендеры,улица Энгельса,5,31.210526315789,EXACT_MATCH,2026-07-27
YPS-0095,YAP-0083,w319381959,Бендеры,переулок Разина,165,28.538461538462,AMBIGUOUS_REQUIRES_REVIEW,2026-07-27
YPS-0096,YAP-0084,n2453643610,Парканы,улица Ворошилова,151,31.828571428571,EXACT_MATCH,2026-07-27
YPS-0097,YAP-0085,w295151362,Бендеры,переулок Суворова,127,31.090909090909,AMBIGUOUS_REQUIRES_REVIEW,2026-07-27
YPS-0098,YAP-0086,n2325729715,Бендеры,Варницкий тупик,13,16.000000000000,EXACT_MATCH,2026-07-27
YPS-0099,YAP-0087,n2457518538,Парканы,улица Будённого,14,14.500000000000,EXACT_MATCH,2026-07-27
YPS-0100,YAP-0088,n2460055540,Парканы,улица Дружбы,11,15.500000000000,DIFFERENT_HOUSE_NUMBER,2026-07-27
YPS-0101,YAP-0089,w318548547,Бендеры,улица Лермонтова,11,31.466666666667,EXACT_MATCH,2026-07-27
YPS-0102,YAP-0090,n2337992799,Бендеры,улица Чернышевского,26,9.500000000000,DIFFERENT_HOUSE_NUMBER,2026-07-27
YPS-0103,YAP-0091,w292041227,Бендеры,переулок Суворова,113,31.090909090909,AMBIGUOUS_REQUIRES_REVIEW,2026-07-27
YPS-0104,YAP-0092,w306219489,Бендеры,улица Глядковской,14,29.800000000000,DIFFERENT_HOUSE_NUMBER,2026-07-27
YPS-0105,YAP-0093,w305767359,Бендеры,Песчанный переулок,12,28.538461538462,EXACT_MATCH,2026-07-27
YPS-0106,YAP-0094,w209267141,Бендеры,Одесская улица,8,29.800000000000,EXACT_MATCH,2026-07-27
YPS-0107,YAP-0095,w224936656,Протягайловка,Гербовецкая улица,15,23.666666666667,DIFFERENT_HOUSE_NUMBER,2026-07-27
YPS-0108,YAP-0096,n2459596475,Парканы,Садовая улица,53,30.166666666667,DIFFERENT_HOUSE_NUMBER,2026-07-27
YPS-0109,YAP-0097,n2456715976,Парканы,улица Котовского,148,31.828571428571,EXACT_MATCH,2026-07-27
YPS-0110,YAP-0098,w352469720,Бендеры,улица Мичурина,53,31.105263157895,AMBIGUOUS_REQUIRES_REVIEW,2026-07-27
YPS-0111,YAP-0099,n2323407234,Парканы,улица Карла Маркса,136,30.166666666667,EXACT_MATCH,2026-07-27
YPS-0112,YAP-0100,n2459682697,Парканы,улица Петра Николаева,74,31.114285714286,AMBIGUOUS_REQUIRES_REVIEW,2026-07-27
