model_id,rounding_km,edges,policy,zone_id,lower_bound,upper_bound,boundary_convention,address_count,policy_status,minimum_fee_required_by_driver,maximum_fee_allowed_by_client,candidate_fee_rub,fallback_fee_rub,hard_constraint_coverage,violated_address_count,minimum_taxi_reference,median_taxi_reference,minimum_driver_best_take,median_driver_best_take,maximum_driver_gap,minimum_client_saving,median_client_saving,client_constraint_coverage,driver_constraint_coverage,joint_coverage,notes
CITY_K4R_dp_optimal_jenks,raw,1.725|3.275|4.975,CUSTOMER_FIRST,1,0.0,1.725,"[lower_bound, upper_bound)",1349,FEASIBLE,12,13,12,,1.0,0,18.0,18.0,13.0,13.0,1.0,6.0,6.0,1.0,1.0,1.0,FEASIBLE
CITY_K4R_dp_optimal_jenks,raw,1.725|3.275|4.975,BALANCED,1,0.0,1.725,"[lower_bound, upper_bound)",1349,FEASIBLE,12,13,12,,1.0,0,18.0,18.0,13.0,13.0,1.0,6.0,6.0,1.0,1.0,1.0,FEASIBLE
CITY_K4R_dp_optimal_jenks,raw,1.725|3.275|4.975,DRIVER_CONSERVATIVE,1,0.0,1.725,"[lower_bound, upper_bound)",1349,FEASIBLE,11,17,12,,1.0,0,18.0,18.0,13.0,13.0,1.0,6.0,6.0,1.0,1.0,1.0,FEASIBLE
CITY_K4R_dp_optimal_jenks,raw,1.725|3.275|4.975,CUSTOMER_FIRST,2,1.725,3.275,"[lower_bound, upper_bound)",1192,FEASIBLE,13,13,13,,1.0,0,18.0,18.0,13.0,13.0,1.63,5.0,5.0,1.0,1.0,1.0,FEASIBLE
CITY_K4R_dp_optimal_jenks,raw,1.725|3.275|4.975,BALANCED,2,1.725,3.275,"[lower_bound, upper_bound)",1192,INFEASIBLE,14,13,,13,0.9891,13,18.0,18.0,13.0,13.0,1.63,5.0,5.0,1.0,0.9891,0.9891,INFEASIBLE — driver floor 14 > client ceiling 13; fallback=FALLBACK_PARTIAL_COVERAGE
CITY_K4R_dp_optimal_jenks,raw,1.725|3.275|4.975,DRIVER_CONSERVATIVE,2,1.725,3.275,"[lower_bound, upper_bound)",1192,FEASIBLE,13,17,13,,1.0,0,18.0,18.0,13.0,13.0,1.63,5.0,5.0,1.0,1.0,1.0,FEASIBLE
CITY_K4R_dp_optimal_jenks,raw,1.725|3.275|4.975,CUSTOMER_FIRST,3,3.275,4.975,"[lower_bound, upper_bound)",1321,INFEASIBLE,22,14,,20,0.4777,690,19.68,25.93,14.68,20.93,4.84,-0.32,5.93,0.6139,0.8637,0.4777,INFEASIBLE — driver floor 22 > client ceiling 14; fallback=FALLBACK_PARTIAL_COVERAGE
CITY_K4R_dp_optimal_jenks,raw,1.725|3.275|4.975,BALANCED,3,3.275,4.975,"[lower_bound, upper_bound)",1321,INFEASIBLE,23,14,,21,0.3285,887,19.68,25.93,14.68,20.93,3.84,-1.32,4.93,0.4845,0.8441,0.3285,INFEASIBLE — driver floor 23 > client ceiling 14; fallback=FALLBACK_PARTIAL_COVERAGE
CITY_K4R_dp_optimal_jenks,raw,1.725|3.275|4.975,DRIVER_CONSERVATIVE,3,3.275,4.975,"[lower_bound, upper_bound)",1321,INFEASIBLE,23,18,,23,0.6949,403,19.68,25.93,14.68,20.93,1.84,-3.32,2.93,0.6949,1.0,0.6949,INFEASIBLE — driver floor 23 > client ceiling 18; fallback=FALLBACK_PARTIAL_COVERAGE
CITY_K4R_dp_optimal_jenks,raw,1.725|3.275|4.975,CUSTOMER_FIRST,4,4.975,,"[lower_bound, upper_bound)",1004,INFEASIBLE,35,24,,25,0.5737,428,29.85,33.49,24.85,28.49,14.75,4.85,8.49,0.9791,0.5946,0.5737,INFEASIBLE — driver floor 35 > client ceiling 24; fallback=FALLBACK_PARTIAL_COVERAGE
CITY_K4R_dp_optimal_jenks,raw,1.725|3.275|4.975,BALANCED,4,4.975,,"[lower_bound, upper_bound)",1004,INFEASIBLE,37,24,,25,0.3944,608,29.85,33.49,24.85,28.49,14.75,4.85,8.49,0.9791,0.4153,0.3944,INFEASIBLE — driver floor 37 > client ceiling 24; fallback=FALLBACK_PARTIAL_COVERAGE
CITY_K4R_dp_optimal_jenks,raw,1.725|3.275|4.975,DRIVER_CONSERVATIVE,4,4.975,,"[lower_bound, upper_bound)",1004,INFEASIBLE,38,28,,29,0.6952,306,29.85,33.49,24.85,28.49,10.75,0.85,4.49,0.9791,0.7161,0.6952,INFEASIBLE — driver floor 38 > client ceiling 28; fallback=FALLBACK_PARTIAL_COVERAGE
CITY_K4R_dp_optimal_jenks,0.1,1.7|3.3|5.0,CUSTOMER_FIRST,1,0.0,1.7,"[lower_bound, upper_bound)",1339,FEASIBLE,12,13,12,,1.0,0,18.0,18.0,13.0,13.0,1.0,6.0,6.0,1.0,1.0,1.0,FEASIBLE
CITY_K4R_dp_optimal_jenks,0.1,1.7|3.3|5.0,BALANCED,1,0.0,1.7,"[lower_bound, upper_bound)",1339,FEASIBLE,12,13,12,,1.0,0,18.0,18.0,13.0,13.0,1.0,6.0,6.0,1.0,1.0,1.0,FEASIBLE
CITY_K4R_dp_optimal_jenks,0.1,1.7|3.3|5.0,DRIVER_CONSERVATIVE,1,0.0,1.7,"[lower_bound, upper_bound)",1339,FEASIBLE,11,17,12,,1.0,0,18.0,18.0,13.0,13.0,1.0,6.0,6.0,1.0,1.0,1.0,FEASIBLE
CITY_K4R_dp_optimal_jenks,0.1,1.7|3.3|5.0,CUSTOMER_FIRST,2,1.7,3.3,"[lower_bound, upper_bound)",1210,FEASIBLE,13,13,13,,1.0,0,18.0,18.0,13.0,13.0,1.74,5.0,5.0,1.0,1.0,1.0,FEASIBLE
CITY_K4R_dp_optimal_jenks,0.1,1.7|3.3|5.0,BALANCED,2,1.7,3.3,"[lower_bound, upper_bound)",1210,INFEASIBLE,14,13,,13,0.9826,21,18.0,18.0,13.0,13.0,1.74,5.0,5.0,1.0,0.9826,0.9826,INFEASIBLE — driver floor 14 > client ceiling 13; fallback=FALLBACK_PARTIAL_COVERAGE
CITY_K4R_dp_optimal_jenks,0.1,1.7|3.3|5.0,DRIVER_CONSERVATIVE,2,1.7,3.3,"[lower_bound, upper_bound)",1210,FEASIBLE,13,17,13,,1.0,0,18.0,18.0,13.0,13.0,1.74,5.0,5.0,1.0,1.0,1.0,FEASIBLE
CITY_K4R_dp_optimal_jenks,0.1,1.7|3.3|5.0,CUSTOMER_FIRST,3,3.3,5.0,"[lower_bound, upper_bound)",1334,INFEASIBLE,22,14,,20,0.473,703,19.8,25.97,14.8,20.97,4.98,-0.2,5.97,0.6237,0.8493,0.473,INFEASIBLE — driver floor 22 > client ceiling 14; fallback=FALLBACK_PARTIAL_COVERAGE
CITY_K4R_dp_optimal_jenks,0.1,1.7|3.3|5.0,BALANCED,3,3.3,5.0,"[lower_bound, upper_bound)",1334,INFEASIBLE,23,14,,21,0.3253,900,19.8,25.97,14.8,20.97,3.98,-1.2,4.97,0.4955,0.8298,0.3253,INFEASIBLE — driver floor 23 > client ceiling 14; fallback=FALLBACK_PARTIAL_COVERAGE
CITY_K4R_dp_optimal_jenks,0.1,1.7|3.3|5.0,DRIVER_CONSERVATIVE,3,3.3,5.0,"[lower_bound, upper_bound)",1334,INFEASIBLE,23,18,,23,0.7039,395,19.8,25.97,14.8,20.97,1.98,-3.2,2.97,0.7039,1.0,0.7039,INFEASIBLE — driver floor 23 > client ceiling 18; fallback=FALLBACK_PARTIAL_COVERAGE
CITY_K4R_dp_optimal_jenks,0.1,1.7|3.3|5.0,CUSTOMER_FIRST,4,5.0,,"[lower_bound, upper_bound)",983,INFEASIBLE,35,25,,25,0.586,407,30.0,33.59,25.0,28.59,14.75,5.0,8.59,1.0,0.586,0.586,INFEASIBLE — driver floor 35 > client ceiling 25; fallback=FALLBACK_PARTIAL_COVERAGE
CITY_K4R_dp_optimal_jenks,0.1,1.7|3.3|5.0,BALANCED,4,5.0,,"[lower_bound, upper_bound)",983,INFEASIBLE,37,25,,25,0.4028,587,30.0,33.59,25.0,28.59,14.75,5.0,8.59,1.0,0.4028,0.4028,INFEASIBLE — driver floor 37 > client ceiling 25; fallback=FALLBACK_PARTIAL_COVERAGE
CITY_K4R_dp_optimal_jenks,0.1,1.7|3.3|5.0,DRIVER_CONSERVATIVE,4,5.0,,"[lower_bound, upper_bound)",983,INFEASIBLE,38,29,,29,0.7101,285,30.0,33.59,25.0,28.59,10.75,1.0,4.59,1.0,0.7101,0.7101,INFEASIBLE — driver floor 38 > client ceiling 29; fallback=FALLBACK_PARTIAL_COVERAGE
CITY_K4R_dp_optimal_jenks,0.25,1.75|3.25|5.0,CUSTOMER_FIRST,1,0.0,1.75,"[lower_bound, upper_bound)",1356,FEASIBLE,12,13,12,,1.0,0,18.0,18.0,13.0,13.0,1.0,6.0,6.0,1.0,1.0,1.0,FEASIBLE
CITY_K4R_dp_optimal_jenks,0.25,1.75|3.25|5.0,BALANCED,1,0.0,1.75,"[lower_bound, upper_bound)",1356,FEASIBLE,12,13,12,,1.0,0,18.0,18.0,13.0,13.0,1.0,6.0,6.0,1.0,1.0,1.0,FEASIBLE
CITY_K4R_dp_optimal_jenks,0.25,1.75|3.25|5.0,DRIVER_CONSERVATIVE,1,0.0,1.75,"[lower_bound, upper_bound)",1356,FEASIBLE,11,17,12,,1.0,0,18.0,18.0,13.0,13.0,1.0,6.0,6.0,1.0,1.0,1.0,FEASIBLE
CITY_K4R_dp_optimal_jenks,0.25,1.75|3.25|5.0,CUSTOMER_FIRST,2,1.75,3.25,"[lower_bound, upper_bound)",1176,FEASIBLE,13,13,13,,1.0,0,18.0,18.0,13.0,13.0,1.48,5.0,5.0,1.0,1.0,1.0,FEASIBLE
CITY_K4R_dp_optimal_jenks,0.25,1.75|3.25|5.0,BALANCED,2,1.75,3.25,"[lower_bound, upper_bound)",1176,INFEASIBLE,14,13,,13,0.9966,4,18.0,18.0,13.0,13.0,1.48,5.0,5.0,1.0,0.9966,0.9966,INFEASIBLE — driver floor 14 > client ceiling 13; fallback=FALLBACK_PARTIAL_COVERAGE
CITY_K4R_dp_optimal_jenks,0.25,1.75|3.25|5.0,DRIVER_CONSERVATIVE,2,1.75,3.25,"[lower_bound, upper_bound)",1176,FEASIBLE,13,17,13,,1.0,0,18.0,18.0,13.0,13.0,1.48,5.0,5.0,1.0,1.0,1.0,FEASIBLE
CITY_K4R_dp_optimal_jenks,0.25,1.75|3.25|5.0,CUSTOMER_FIRST,3,3.25,5.0,"[lower_bound, upper_bound)",1351,INFEASIBLE,22,14,,20,0.4671,720,19.51,25.94,14.51,20.94,4.98,-0.49,5.94,0.6158,0.8512,0.4671,INFEASIBLE — driver floor 22 > client ceiling 14; fallback=FALLBACK_PARTIAL_COVERAGE
CITY_K4R_dp_optimal_jenks,0.25,1.75|3.25|5.0,BALANCED,3,3.25,5.0,"[lower_bound, upper_bound)",1351,INFEASIBLE,23,14,,21,0.3212,917,19.51,25.94,14.51,20.94,3.98,-1.49,4.94,0.4893,0.832,0.3212,INFEASIBLE — driver floor 23 > client ceiling 14; fallback=FALLBACK_PARTIAL_COVERAGE
CITY_K4R_dp_optimal_jenks,0.25,1.75|3.25|5.0,DRIVER_CONSERVATIVE,3,3.25,5.0,"[lower_bound, upper_bound)",1351,INFEASIBLE,23,18,,23,0.695,412,19.51,25.94,14.51,20.94,1.98,-3.49,2.94,0.695,1.0,0.695,INFEASIBLE — driver floor 23 > client ceiling 18; fallback=FALLBACK_PARTIAL_COVERAGE
CITY_K4R_dp_optimal_jenks,0.25,1.75|3.25|5.0,CUSTOMER_FIRST,4,5.0,,"[lower_bound, upper_bound)",983,INFEASIBLE,35,25,,25,0.586,407,30.0,33.59,25.0,28.59,14.75,5.0,8.59,1.0,0.586,0.586,INFEASIBLE — driver floor 35 > client ceiling 25; fallback=FALLBACK_PARTIAL_COVERAGE
CITY_K4R_dp_optimal_jenks,0.25,1.75|3.25|5.0,BALANCED,4,5.0,,"[lower_bound, upper_bound)",983,INFEASIBLE,37,25,,25,0.4028,587,30.0,33.59,25.0,28.59,14.75,5.0,8.59,1.0,0.4028,0.4028,INFEASIBLE — driver floor 37 > client ceiling 25; fallback=FALLBACK_PARTIAL_COVERAGE
CITY_K4R_dp_optimal_jenks,0.25,1.75|3.25|5.0,DRIVER_CONSERVATIVE,4,5.0,,"[lower_bound, upper_bound)",983,INFEASIBLE,38,29,,29,0.7101,285,30.0,33.59,25.0,28.59,10.75,1.0,4.59,1.0,0.7101,0.7101,INFEASIBLE — driver floor 38 > client ceiling 29; fallback=FALLBACK_PARTIAL_COVERAGE
CITY_K4R_dp_optimal_jenks,0.5,1.5|3.5|5.0,CUSTOMER_FIRST,1,0.0,1.5,"[lower_bound, upper_bound)",1151,FEASIBLE,12,13,12,,1.0,0,18.0,18.0,13.0,13.0,1.0,6.0,6.0,1.0,1.0,1.0,FEASIBLE
CITY_K4R_dp_optimal_jenks,0.5,1.5|3.5|5.0,BALANCED,1,0.0,1.5,"[lower_bound, upper_bound)",1151,FEASIBLE,12,13,12,,1.0,0,18.0,18.0,13.0,13.0,1.0,6.0,6.0,1.0,1.0,1.0,FEASIBLE
CITY_K4R_dp_optimal_jenks,0.5,1.5|3.5|5.0,DRIVER_CONSERVATIVE,1,0.0,1.5,"[lower_bound, upper_bound)",1151,FEASIBLE,11,17,12,,1.0,0,18.0,18.0,13.0,13.0,1.0,6.0,6.0,1.0,1.0,1.0,FEASIBLE
CITY_K4R_dp_optimal_jenks,0.5,1.5|3.5|5.0,CUSTOMER_FIRST,2,1.5,3.5,"[lower_bound, upper_bound)",1544,INFEASIBLE,14,13,,13,0.9417,90,18.0,18.0,13.0,13.0,2.99,5.0,5.0,1.0,0.9417,0.9417,INFEASIBLE — driver floor 14 > client ceiling 13; fallback=FALLBACK_PARTIAL_COVERAGE
CITY_K4R_dp_optimal_jenks,0.5,1.5|3.5|5.0,BALANCED,2,1.5,3.5,"[lower_bound, upper_bound)",1544,INFEASIBLE,15,13,,13,0.8918,167,18.0,18.0,13.0,13.0,2.99,5.0,5.0,1.0,0.8918,0.8918,INFEASIBLE — driver floor 15 > client ceiling 13; fallback=FALLBACK_PARTIAL_COVERAGE
CITY_K4R_dp_optimal_jenks,0.5,1.5|3.5|5.0,DRIVER_CONSERVATIVE,2,1.5,3.5,"[lower_bound, upper_bound)",1544,FEASIBLE,14,17,14,,1.0,0,18.0,18.0,13.0,13.0,1.99,4.0,4.0,1.0,1.0,1.0,FEASIBLE
CITY_K4R_dp_optimal_jenks,0.5,1.5|3.5|5.0,CUSTOMER_FIRST,3,3.5,5.0,"[lower_bound, upper_bound)",1188,INFEASIBLE,22,16,,20,0.5311,557,21.01,26.3,16.01,21.3,4.98,1.01,6.29,0.7003,0.8308,0.5311,INFEASIBLE — driver floor 22 > client ceiling 16; fallback=FALLBACK_PARTIAL_COVERAGE
CITY_K4R_dp_optimal_jenks,0.5,1.5|3.5|5.0,BALANCED,3,3.5,5.0,"[lower_bound, upper_bound)",1188,INFEASIBLE,23,16,,21,0.3653,754,21.01,26.3,16.01,21.3,3.98,0.01,5.29,0.5564,0.8089,0.3653,INFEASIBLE — driver floor 23 > client ceiling 16; fallback=FALLBACK_PARTIAL_COVERAGE
CITY_K4R_dp_optimal_jenks,0.5,1.5|3.5|5.0,DRIVER_CONSERVATIVE,3,3.5,5.0,"[lower_bound, upper_bound)",1188,INFEASIBLE,23,20,,23,0.7904,249,21.01,26.3,16.01,21.3,1.98,-1.99,3.29,0.7904,1.0,0.7904,INFEASIBLE — driver floor 23 > client ceiling 20; fallback=FALLBACK_PARTIAL_COVERAGE
CITY_K4R_dp_optimal_jenks,0.5,1.5|3.5|5.0,CUSTOMER_FIRST,4,5.0,,"[lower_bound, upper_bound)",983,INFEASIBLE,35,25,,25,0.586,407,30.0,33.59,25.0,28.59,14.75,5.0,8.59,1.0,0.586,0.586,INFEASIBLE — driver floor 35 > client ceiling 25; fallback=FALLBACK_PARTIAL_COVERAGE
CITY_K4R_dp_optimal_jenks,0.5,1.5|3.5|5.0,BALANCED,4,5.0,,"[lower_bound, upper_bound)",983,INFEASIBLE,37,25,,25,0.4028,587,30.0,33.59,25.0,28.59,14.75,5.0,8.59,1.0,0.4028,0.4028,INFEASIBLE — driver floor 37 > client ceiling 25; fallback=FALLBACK_PARTIAL_COVERAGE
CITY_K4R_dp_optimal_jenks,0.5,1.5|3.5|5.0,DRIVER_CONSERVATIVE,4,5.0,,"[lower_bound, upper_bound)",983,INFEASIBLE,38,29,,29,0.7101,285,30.0,33.59,25.0,28.59,10.75,1.0,4.59,1.0,0.7101,0.7101,INFEASIBLE — driver floor 38 > client ceiling 29; fallback=FALLBACK_PARTIAL_COVERAGE
CITY_K5R_dp_optimal_jenks,raw,1.675|2.875|4.125|5.325,CUSTOMER_FIRST,1,0.0,1.675,"[lower_bound, upper_bound)",1322,FEASIBLE,12,13,12,,1.0,0,18.0,18.0,13.0,13.0,1.0,6.0,6.0,1.0,1.0,1.0,FEASIBLE
CITY_K5R_dp_optimal_jenks,raw,1.675|2.875|4.125|5.325,BALANCED,1,0.0,1.675,"[lower_bound, upper_bound)",1322,FEASIBLE,12,13,12,,1.0,0,18.0,18.0,13.0,13.0,1.0,6.0,6.0,1.0,1.0,1.0,FEASIBLE
CITY_K5R_dp_optimal_jenks,raw,1.675|2.875|4.125|5.325,DRIVER_CONSERVATIVE,1,0.0,1.675,"[lower_bound, upper_bound)",1322,FEASIBLE,11,17,12,,1.0,0,18.0,18.0,13.0,13.0,1.0,6.0,6.0,1.0,1.0,1.0,FEASIBLE
CITY_K5R_dp_optimal_jenks,raw,1.675|2.875|4.125|5.325,CUSTOMER_FIRST,2,1.675,2.875,"[lower_bound, upper_bound)",1072,FEASIBLE,12,13,12,,1.0,0,18.0,18.0,13.0,13.0,1.0,6.0,6.0,1.0,1.0,1.0,FEASIBLE
CITY_K5R_dp_optimal_jenks,raw,1.675|2.875|4.125|5.325,BALANCED,2,1.675,2.875,"[lower_bound, upper_bound)",1072,FEASIBLE,12,13,12,,1.0,0,18.0,18.0,13.0,13.0,1.0,6.0,6.0,1.0,1.0,1.0,FEASIBLE
CITY_K5R_dp_optimal_jenks,raw,1.675|2.875|4.125|5.325,DRIVER_CONSERVATIVE,2,1.675,2.875,"[lower_bound, upper_bound)",1072,FEASIBLE,11,17,12,,1.0,0,18.0,18.0,13.0,13.0,1.0,6.0,6.0,1.0,1.0,1.0,FEASIBLE
CITY_K5R_dp_optimal_jenks,raw,1.675|2.875|4.125|5.325,CUSTOMER_FIRST,3,2.875,4.125,"[lower_bound, upper_bound)",629,INFEASIBLE,17,13,,15,0.4229,363,18.0,21.12,13.0,16.12,4.74,3.0,6.12,0.7202,0.7027,0.4229,INFEASIBLE — driver floor 17 > client ceiling 13; fallback=FALLBACK_PARTIAL_COVERAGE
CITY_K5R_dp_optimal_jenks,raw,1.675|2.875|4.125|5.325,BALANCED,3,2.875,4.125,"[lower_bound, upper_bound)",629,INFEASIBLE,18,13,,15,0.3037,438,18.0,21.12,13.0,16.12,4.74,3.0,6.12,0.7202,0.5835,0.3037,INFEASIBLE — driver floor 18 > client ceiling 13; fallback=FALLBACK_PARTIAL_COVERAGE
CITY_K5R_dp_optimal_jenks,raw,1.675|2.875|4.125|5.325,DRIVER_CONSERVATIVE,3,2.875,4.125,"[lower_bound, upper_bound)",629,INFEASIBLE,18,17,,17,0.8744,79,18.0,21.12,13.0,16.12,2.74,1.0,4.12,1.0,0.8744,0.8744,INFEASIBLE — driver floor 18 > client ceiling 17; fallback=FALLBACK_PARTIAL_COVERAGE
CITY_K5R_dp_optimal_jenks,raw,1.675|2.875|4.125|5.325,CUSTOMER_FIRST,4,4.125,5.325,"[lower_bound, upper_bound)",1141,INFEASIBLE,23,19,,20,0.553,510,24.75,27.95,19.75,22.95,6.94,4.75,7.95,0.9755,0.5776,0.553,INFEASIBLE — driver floor 23 > client ceiling 19; fallback=FALLBACK_PARTIAL_COVERAGE
CITY_K5R_dp_optimal_jenks,raw,1.675|2.875|4.125|5.325,BALANCED,4,4.125,5.325,"[lower_bound, upper_bound)",1141,INFEASIBLE,25,19,,21,0.3804,707,24.75,27.95,19.75,22.95,5.94,3.75,6.95,0.8256,0.5548,0.3804,INFEASIBLE — driver floor 25 > client ceiling 19; fallback=FALLBACK_PARTIAL_COVERAGE
CITY_K5R_dp_optimal_jenks,raw,1.675|2.875|4.125|5.325,DRIVER_CONSERVATIVE,4,4.125,5.325,"[lower_bound, upper_bound)",1141,INFEASIBLE,25,23,,24,0.8563,164,24.75,27.95,19.75,22.95,2.94,0.75,3.95,0.9755,0.8808,0.8563,INFEASIBLE — driver floor 25 > client ceiling 23; fallback=FALLBACK_PARTIAL_COVERAGE
CITY_K5R_dp_optimal_jenks,raw,1.675|2.875|4.125|5.325,CUSTOMER_FIRST,5,5.325,,"[lower_bound, upper_bound)",702,INFEASIBLE,35,26,,27,0.6695,232,31.97,34.94,26.97,29.94,12.75,4.97,7.94,0.9858,0.6838,0.6695,INFEASIBLE — driver floor 35 > client ceiling 26; fallback=FALLBACK_PARTIAL_COVERAGE
CITY_K5R_dp_optimal_jenks,raw,1.675|2.875|4.125|5.325,BALANCED,5,5.325,,"[lower_bound, upper_bound)",702,INFEASIBLE,37,26,,27,0.49,358,31.97,34.94,26.97,29.94,12.75,4.97,7.94,0.9858,0.5043,0.49,INFEASIBLE — driver floor 37 > client ceiling 26; fallback=FALLBACK_PARTIAL_COVERAGE
CITY_K5R_dp_optimal_jenks,raw,1.675|2.875|4.125|5.325,DRIVER_CONSERVATIVE,5,5.325,,"[lower_bound, upper_bound)",702,INFEASIBLE,38,30,,31,0.7849,151,31.97,34.94,26.97,29.94,8.75,0.97,3.94,0.9858,0.7991,0.7849,INFEASIBLE — driver floor 38 > client ceiling 30; fallback=FALLBACK_PARTIAL_COVERAGE
CITY_K5R_dp_optimal_jenks,0.1,1.7|2.9|4.1|5.3,CUSTOMER_FIRST,1,0.0,1.7,"[lower_bound, upper_bound)",1339,FEASIBLE,12,13,12,,1.0,0,18.0,18.0,13.0,13.0,1.0,6.0,6.0,1.0,1.0,1.0,FEASIBLE
CITY_K5R_dp_optimal_jenks,0.1,1.7|2.9|4.1|5.3,BALANCED,1,0.0,1.7,"[lower_bound, upper_bound)",1339,FEASIBLE,12,13,12,,1.0,0,18.0,18.0,13.0,13.0,1.0,6.0,6.0,1.0,1.0,1.0,FEASIBLE
CITY_K5R_dp_optimal_jenks,0.1,1.7|2.9|4.1|5.3,DRIVER_CONSERVATIVE,1,0.0,1.7,"[lower_bound, upper_bound)",1339,FEASIBLE,11,17,12,,1.0,0,18.0,18.0,13.0,13.0,1.0,6.0,6.0,1.0,1.0,1.0,FEASIBLE
CITY_K5R_dp_optimal_jenks,0.1,1.7|2.9|4.1|5.3,CUSTOMER_FIRST,2,1.7,2.9,"[lower_bound, upper_bound)",1067,FEASIBLE,12,13,12,,1.0,0,18.0,18.0,13.0,13.0,1.0,6.0,6.0,1.0,1.0,1.0,FEASIBLE
CITY_K5R_dp_optimal_jenks,0.1,1.7|2.9|4.1|5.3,BALANCED,2,1.7,2.9,"[lower_bound, upper_bound)",1067,FEASIBLE,12,13,12,,1.0,0,18.0,18.0,13.0,13.0,1.0,6.0,6.0,1.0,1.0,1.0,FEASIBLE
CITY_K5R_dp_optimal_jenks,0.1,1.7|2.9|4.1|5.3,DRIVER_CONSERVATIVE,2,1.7,2.9,"[lower_bound, upper_bound)",1067,FEASIBLE,11,17,12,,1.0,0,18.0,18.0,13.0,13.0,1.0,6.0,6.0,1.0,1.0,1.0,FEASIBLE
CITY_K5R_dp_optimal_jenks,0.1,1.7|2.9|4.1|5.3,CUSTOMER_FIRST,3,2.9,4.1,"[lower_bound, upper_bound)",603,INFEASIBLE,17,13,,15,0.4411,337,18.0,21.1,13.0,16.1,4.59,3.0,6.1,0.728,0.7131,0.4411,INFEASIBLE — driver floor 17 > client ceiling 13; fallback=FALLBACK_PARTIAL_COVERAGE
CITY_K5R_dp_optimal_jenks,0.1,1.7|2.9|4.1|5.3,BALANCED,3,2.9,4.1,"[lower_bound, upper_bound)",603,INFEASIBLE,18,13,,15,0.3167,412,18.0,21.1,13.0,16.1,4.59,3.0,6.1,0.728,0.5887,0.3167,INFEASIBLE — driver floor 18 > client ceiling 13; fallback=FALLBACK_PARTIAL_COVERAGE
CITY_K5R_dp_optimal_jenks,0.1,1.7|2.9|4.1|5.3,DRIVER_CONSERVATIVE,3,2.9,4.1,"[lower_bound, upper_bound)",603,INFEASIBLE,18,17,,17,0.8922,65,18.0,21.1,13.0,16.1,2.59,1.0,4.1,1.0,0.8922,0.8922,INFEASIBLE — driver floor 18 > client ceiling 17; fallback=FALLBACK_PARTIAL_COVERAGE
CITY_K5R_dp_optimal_jenks,0.1,1.7|2.9|4.1|5.3,CUSTOMER_FIRST,4,4.1,5.3,"[lower_bound, upper_bound)",1133,INFEASIBLE,23,19,,20,0.5569,502,24.63,27.82,19.63,22.82,6.79,4.63,7.82,0.9629,0.594,0.5569,INFEASIBLE — driver floor 23 > client ceiling 19; fallback=FALLBACK_PARTIAL_COVERAGE
CITY_K5R_dp_optimal_jenks,0.1,1.7|2.9|4.1|5.3,BALANCED,4,4.1,5.3,"[lower_bound, upper_bound)",1133,INFEASIBLE,25,19,,21,0.3831,699,24.63,27.82,19.63,22.82,5.79,3.63,6.82,0.812,0.5711,0.3831,INFEASIBLE — driver floor 25 > client ceiling 19; fallback=FALLBACK_PARTIAL_COVERAGE
CITY_K5R_dp_optimal_jenks,0.1,1.7|2.9|4.1|5.3,DRIVER_CONSERVATIVE,4,4.1,5.3,"[lower_bound, upper_bound)",1133,INFEASIBLE,25,23,,24,0.8623,156,24.63,27.82,19.63,22.82,2.79,0.63,3.82,0.9629,0.8994,0.8623,INFEASIBLE — driver floor 25 > client ceiling 23; fallback=FALLBACK_PARTIAL_COVERAGE
CITY_K5R_dp_optimal_jenks,0.1,1.7|2.9|4.1|5.3,CUSTOMER_FIRST,5,5.3,,"[lower_bound, upper_bound)",724,INFEASIBLE,35,26,,27,0.6492,254,31.8,34.82,26.8,29.82,12.75,4.8,7.82,0.9558,0.6934,0.6492,INFEASIBLE — driver floor 35 > client ceiling 26; fallback=FALLBACK_PARTIAL_COVERAGE
CITY_K5R_dp_optimal_jenks,0.1,1.7|2.9|4.1|5.3,BALANCED,5,5.3,,"[lower_bound, upper_bound)",724,INFEASIBLE,37,26,,27,0.4751,380,31.8,34.82,26.8,29.82,12.75,4.8,7.82,0.9558,0.5193,0.4751,INFEASIBLE — driver floor 37 > client ceiling 26; fallback=FALLBACK_PARTIAL_COVERAGE
CITY_K5R_dp_optimal_jenks,0.1,1.7|2.9|4.1|5.3,DRIVER_CONSERVATIVE,5,5.3,,"[lower_bound, upper_bound)",724,INFEASIBLE,38,30,,31,0.761,173,31.8,34.82,26.8,29.82,8.75,0.8,3.82,0.9558,0.8052,0.761,INFEASIBLE — driver floor 38 > client ceiling 30; fallback=FALLBACK_PARTIAL_COVERAGE
CITY_K5R_dp_optimal_jenks,0.25,1.75|3.0|4.0|5.25,CUSTOMER_FIRST,1,0.0,1.75,"[lower_bound, upper_bound)",1356,FEASIBLE,12,13,12,,1.0,0,18.0,18.0,13.0,13.0,1.0,6.0,6.0,1.0,1.0,1.0,FEASIBLE
CITY_K5R_dp_optimal_jenks,0.25,1.75|3.0|4.0|5.25,BALANCED,1,0.0,1.75,"[lower_bound, upper_bound)",1356,FEASIBLE,12,13,12,,1.0,0,18.0,18.0,13.0,13.0,1.0,6.0,6.0,1.0,1.0,1.0,FEASIBLE
CITY_K5R_dp_optimal_jenks,0.25,1.75|3.0|4.0|5.25,DRIVER_CONSERVATIVE,1,0.0,1.75,"[lower_bound, upper_bound)",1356,FEASIBLE,11,17,12,,1.0,0,18.0,18.0,13.0,13.0,1.0,6.0,6.0,1.0,1.0,1.0,FEASIBLE
CITY_K5R_dp_optimal_jenks,0.25,1.75|3.0|4.0|5.25,CUSTOMER_FIRST,2,1.75,3.0,"[lower_bound, upper_bound)",1089,FEASIBLE,12,13,12,,1.0,0,18.0,18.0,13.0,13.0,1.0,6.0,6.0,1.0,1.0,1.0,FEASIBLE
CITY_K5R_dp_optimal_jenks,0.25,1.75|3.0|4.0|5.25,BALANCED,2,1.75,3.0,"[lower_bound, upper_bound)",1089,FEASIBLE,12,13,12,,1.0,0,18.0,18.0,13.0,13.0,1.0,6.0,6.0,1.0,1.0,1.0,FEASIBLE
CITY_K5R_dp_optimal_jenks,0.25,1.75|3.0|4.0|5.25,DRIVER_CONSERVATIVE,2,1.75,3.0,"[lower_bound, upper_bound)",1089,FEASIBLE,11,17,12,,1.0,0,18.0,18.0,13.0,13.0,1.0,6.0,6.0,1.0,1.0,1.0,FEASIBLE
CITY_K5R_dp_optimal_jenks,0.25,1.75|3.0|4.0|5.25,CUSTOMER_FIRST,3,3.0,4.0,"[lower_bound, upper_bound)",499,INFEASIBLE,17,13,,15,0.5331,233,18.0,20.99,13.0,15.99,3.99,3.0,5.99,0.7495,0.7836,0.5331,INFEASIBLE — driver floor 17 > client ceiling 13; fallback=FALLBACK_PARTIAL_COVERAGE
CITY_K5R_dp_optimal_jenks,0.25,1.75|3.0|4.0|5.25,BALANCED,3,3.0,4.0,"[lower_bound, upper_bound)",499,INFEASIBLE,18,13,,15,0.3828,308,18.0,20.99,13.0,15.99,3.99,3.0,5.99,0.7495,0.6333,0.3828,INFEASIBLE — driver floor 18 > client ceiling 13; fallback=FALLBACK_PARTIAL_COVERAGE
CITY_K5R_dp_optimal_jenks,0.25,1.75|3.0|4.0|5.25,DRIVER_CONSERVATIVE,3,3.0,4.0,"[lower_bound, upper_bound)",499,FEASIBLE,17,17,17,,1.0,0,18.0,20.99,13.0,15.99,1.99,1.0,3.99,1.0,1.0,1.0,FEASIBLE
CITY_K5R_dp_optimal_jenks,0.25,1.75|3.0|4.0|5.25,CUSTOMER_FIRST,4,4.0,5.25,"[lower_bound, upper_bound)",1151,INFEASIBLE,23,19,,20,0.5482,520,24.01,27.45,19.01,22.45,6.49,4.01,7.45,0.907,0.6412,0.5482,INFEASIBLE — driver floor 23 > client ceiling 19; fallback=FALLBACK_PARTIAL_COVERAGE
CITY_K5R_dp_optimal_jenks,0.25,1.75|3.0|4.0|5.25,BALANCED,4,4.0,5.25,"[lower_bound, upper_bound)",1151,INFEASIBLE,24,19,,21,0.3771,717,24.01,27.45,19.01,22.45,5.49,3.01,6.45,0.7585,0.6186,0.3771,INFEASIBLE — driver floor 24 > client ceiling 19; fallback=FALLBACK_PARTIAL_COVERAGE
CITY_K5R_dp_optimal_jenks,0.25,1.75|3.0|4.0|5.25,DRIVER_CONSERVATIVE,4,4.0,5.25,"[lower_bound, upper_bound)",1151,INFEASIBLE,25,23,,24,0.8488,174,24.01,27.45,19.01,22.45,2.49,0.01,3.45,0.907,0.9418,0.8488,INFEASIBLE — driver floor 25 > client ceiling 23; fallback=FALLBACK_PARTIAL_COVERAGE
CITY_K5R_dp_optimal_jenks,0.25,1.75|3.0|4.0|5.25,CUSTOMER_FIRST,5,5.25,,"[lower_bound, upper_bound)",771,INFEASIBLE,35,26,,27,0.6096,301,31.5,34.64,26.5,29.64,12.75,4.5,7.64,0.8975,0.7121,0.6096,INFEASIBLE — driver floor 35 > client ceiling 26; fallback=FALLBACK_PARTIAL_COVERAGE
CITY_K5R_dp_optimal_jenks,0.25,1.75|3.0|4.0|5.25,BALANCED,5,5.25,,"[lower_bound, upper_bound)",771,INFEASIBLE,37,26,,27,0.4462,427,31.5,34.64,26.5,29.64,12.75,4.5,7.64,0.8975,0.5486,0.4462,INFEASIBLE — driver floor 37 > client ceiling 26; fallback=FALLBACK_PARTIAL_COVERAGE
CITY_K5R_dp_optimal_jenks,0.25,1.75|3.0|4.0|5.25,DRIVER_CONSERVATIVE,5,5.25,,"[lower_bound, upper_bound)",771,INFEASIBLE,38,30,,30,0.7289,209,31.5,34.64,26.5,29.64,9.75,1.5,4.64,1.0,0.7289,0.7289,INFEASIBLE — driver floor 38 > client ceiling 30; fallback=FALLBACK_PARTIAL_COVERAGE
CITY_K5R_dp_optimal_jenks,0.5,1.5|3.0|4.0|5.5,CUSTOMER_FIRST,1,0.0,1.5,"[lower_bound, upper_bound)",1151,FEASIBLE,12,13,12,,1.0,0,18.0,18.0,13.0,13.0,1.0,6.0,6.0,1.0,1.0,1.0,FEASIBLE
CITY_K5R_dp_optimal_jenks,0.5,1.5|3.0|4.0|5.5,BALANCED,1,0.0,1.5,"[lower_bound, upper_bound)",1151,FEASIBLE,12,13,12,,1.0,0,18.0,18.0,13.0,13.0,1.0,6.0,6.0,1.0,1.0,1.0,FEASIBLE
CITY_K5R_dp_optimal_jenks,0.5,1.5|3.0|4.0|5.5,DRIVER_CONSERVATIVE,1,0.0,1.5,"[lower_bound, upper_bound)",1151,FEASIBLE,11,17,12,,1.0,0,18.0,18.0,13.0,13.0,1.0,6.0,6.0,1.0,1.0,1.0,FEASIBLE
CITY_K5R_dp_optimal_jenks,0.5,1.5|3.0|4.0|5.5,CUSTOMER_FIRST,2,1.5,3.0,"[lower_bound, upper_bound)",1294,FEASIBLE,12,13,12,,1.0,0,18.0,18.0,13.0,13.0,1.0,6.0,6.0,1.0,1.0,1.0,FEASIBLE
CITY_K5R_dp_optimal_jenks,0.5,1.5|3.0|4.0|5.5,BALANCED,2,1.5,3.0,"[lower_bound, upper_bound)",1294,FEASIBLE,12,13,12,,1.0,0,18.0,18.0,13.0,13.0,1.0,6.0,6.0,1.0,1.0,1.0,FEASIBLE
CITY_K5R_dp_optimal_jenks,0.5,1.5|3.0|4.0|5.5,DRIVER_CONSERVATIVE,2,1.5,3.0,"[lower_bound, upper_bound)",1294,FEASIBLE,11,17,12,,1.0,0,18.0,18.0,13.0,13.0,1.0,6.0,6.0,1.0,1.0,1.0,FEASIBLE
CITY_K5R_dp_optimal_jenks,0.5,1.5|3.0|4.0|5.5,CUSTOMER_FIRST,3,3.0,4.0,"[lower_bound, upper_bound)",499,INFEASIBLE,17,13,,15,0.5331,233,18.0,20.99,13.0,15.99,3.99,3.0,5.99,0.7495,0.7836,0.5331,INFEASIBLE — driver floor 17 > client ceiling 13; fallback=FALLBACK_PARTIAL_COVERAGE
CITY_K5R_dp_optimal_jenks,0.5,1.5|3.0|4.0|5.5,BALANCED,3,3.0,4.0,"[lower_bound, upper_bound)",499,INFEASIBLE,18,13,,15,0.3828,308,18.0,20.99,13.0,15.99,3.99,3.0,5.99,0.7495,0.6333,0.3828,INFEASIBLE — driver floor 18 > client ceiling 13; fallback=FALLBACK_PARTIAL_COVERAGE
CITY_K5R_dp_optimal_jenks,0.5,1.5|3.0|4.0|5.5,DRIVER_CONSERVATIVE,3,3.0,4.0,"[lower_bound, upper_bound)",499,FEASIBLE,17,17,17,,1.0,0,18.0,20.99,13.0,15.99,1.99,1.0,3.99,1.0,1.0,1.0,FEASIBLE
CITY_K5R_dp_optimal_jenks,0.5,1.5|3.0|4.0|5.5,CUSTOMER_FIRST,4,4.0,5.5,"[lower_bound, upper_bound)",1362,INFEASIBLE,24,19,,20,0.4633,731,24.01,28.17,19.01,23.17,7.97,4.01,8.17,0.9214,0.5419,0.4633,INFEASIBLE — driver floor 24 > client ceiling 19; fallback=FALLBACK_PARTIAL_COVERAGE
CITY_K5R_dp_optimal_jenks,0.5,1.5|3.0|4.0|5.5,BALANCED,4,4.0,5.5,"[lower_bound, upper_bound)",1362,INFEASIBLE,26,19,,21,0.3186,928,24.01,28.17,19.01,23.17,6.97,3.01,7.17,0.7959,0.5228,0.3186,INFEASIBLE — driver floor 26 > client ceiling 19; fallback=FALLBACK_PARTIAL_COVERAGE
CITY_K5R_dp_optimal_jenks,0.5,1.5|3.0|4.0|5.5,DRIVER_CONSERVATIVE,4,4.0,5.5,"[lower_bound, upper_bound)",1362,INFEASIBLE,26,23,,24,0.7173,385,24.01,28.17,19.01,23.17,3.97,0.01,4.17,0.9214,0.7959,0.7173,INFEASIBLE — driver floor 26 > client ceiling 23; fallback=FALLBACK_PARTIAL_COVERAGE
CITY_K5R_dp_optimal_jenks,0.5,1.5|3.0|4.0|5.5,CUSTOMER_FIRST,5,5.5,,"[lower_bound, upper_bound)",560,INFEASIBLE,35,28,,28,0.7429,144,33.01,36.08,28.01,31.08,11.75,5.01,8.08,1.0,0.7429,0.7429,INFEASIBLE — driver floor 35 > client ceiling 28; fallback=FALLBACK_PARTIAL_COVERAGE
CITY_K5R_dp_optimal_jenks,0.5,1.5|3.0|4.0|5.5,BALANCED,5,5.5,,"[lower_bound, upper_bound)",560,INFEASIBLE,37,28,,28,0.4911,285,33.01,36.08,28.01,31.08,11.75,5.01,8.08,1.0,0.4911,0.4911,INFEASIBLE — driver floor 37 > client ceiling 28; fallback=FALLBACK_PARTIAL_COVERAGE
CITY_K5R_dp_optimal_jenks,0.5,1.5|3.0|4.0|5.5,DRIVER_CONSERVATIVE,5,5.5,,"[lower_bound, upper_bound)",560,INFEASIBLE,38,32,,32,0.8125,105,33.01,36.08,28.01,31.08,7.75,1.01,4.08,1.0,0.8125,0.8125,INFEASIBLE — driver floor 38 > client ceiling 32; fallback=FALLBACK_PARTIAL_COVERAGE
