model_id,rounding_km,address_id,raw_zone,rounded_zone
CITY_K4R_dp_optimal_jenks,0.1,n2323793938,1,2
CITY_K4R_dp_optimal_jenks,0.1,n2325412688,3,2
CITY_K4R_dp_optimal_jenks,0.1,n2330550601,4,3
CITY_K4R_dp_optimal_jenks,0.1,n5162957729,4,3
CITY_K4R_dp_optimal_jenks,0.1,w115331365,4,3
CITY_K4R_dp_optimal_jenks,0.1,w115331400,4,3
CITY_K4R_dp_optimal_jenks,0.1,w115331415,4,3
CITY_K4R_dp_optimal_jenks,0.1,w209416040,4,3
CITY_K4R_dp_optimal_jenks,0.1,w209416045,4,3
CITY_K4R_dp_optimal_jenks,0.1,w209416050,4,3
CITY_K4R_dp_optimal_jenks,0.1,w209416072,4,3
CITY_K4R_dp_optimal_jenks,0.1,w209416073,4,3
CITY_K4R_dp_optimal_jenks,0.1,w285072097,1,2
CITY_K4R_dp_optimal_jenks,0.1,w285072106,1,2
CITY_K4R_dp_optimal_jenks,0.1,w285072112,1,2
CITY_K4R_dp_optimal_jenks,0.1,w292900980,1,2
CITY_K4R_dp_optimal_jenks,0.1,w295341633,1,2
CITY_K4R_dp_optimal_jenks,0.1,w295423300,1,2
CITY_K4R_dp_optimal_jenks,0.1,w295540333,1,2
CITY_K4R_dp_optimal_jenks,0.1,w295619151,1,2
CITY_K4R_dp_optimal_jenks,0.1,w295619153,1,2
CITY_K4R_dp_optimal_jenks,0.1,w297019342,4,3
CITY_K4R_dp_optimal_jenks,0.1,w302074720,4,3
CITY_K4R_dp_optimal_jenks,0.1,w315108395,4,3
CITY_K4R_dp_optimal_jenks,0.1,w318188297,3,2
CITY_K4R_dp_optimal_jenks,0.1,w319366987,4,3
CITY_K4R_dp_optimal_jenks,0.1,w320440073,4,3
CITY_K4R_dp_optimal_jenks,0.1,w330410222,3,2
CITY_K4R_dp_optimal_jenks,0.1,w352152735,4,3
CITY_K4R_dp_optimal_jenks,0.1,w352153727,4,3
CITY_K4R_dp_optimal_jenks,0.1,w352309768,3,2
CITY_K4R_dp_optimal_jenks,0.1,w352312134,3,2
CITY_K4R_dp_optimal_jenks,0.1,w352312135,3,2
CITY_K4R_dp_optimal_jenks,0.1,w47467973,3,2
CITY_K4R_dp_optimal_jenks,0.1,w47475157,3,2
CITY_K4R_dp_optimal_jenks,0.1,w666173093,4,3
CITY_K4R_dp_optimal_jenks,0.1,w91847078,4,3
CITY_K4R_dp_optimal_jenks,0.1,w91847118,4,3
CITY_K4R_dp_optimal_jenks,0.1,w91848801,4,3
CITY_K4R_dp_optimal_jenks,0.25,n2323793895,2,1
CITY_K4R_dp_optimal_jenks,0.25,n2330550601,4,3
CITY_K4R_dp_optimal_jenks,0.25,n5162957729,4,3
CITY_K4R_dp_optimal_jenks,0.25,w115331365,4,3
CITY_K4R_dp_optimal_jenks,0.25,w115331400,4,3
CITY_K4R_dp_optimal_jenks,0.25,w115331415,4,3
CITY_K4R_dp_optimal_jenks,0.25,w160024295,2,3
CITY_K4R_dp_optimal_jenks,0.25,w209416040,4,3
CITY_K4R_dp_optimal_jenks,0.25,w209416045,4,3
CITY_K4R_dp_optimal_jenks,0.25,w209416050,4,3
CITY_K4R_dp_optimal_jenks,0.25,w209416072,4,3
CITY_K4R_dp_optimal_jenks,0.25,w209416073,4,3
CITY_K4R_dp_optimal_jenks,0.25,w285072098,2,1
CITY_K4R_dp_optimal_jenks,0.25,w293173067,2,1
CITY_K4R_dp_optimal_jenks,0.25,w295401074,2,1
CITY_K4R_dp_optimal_jenks,0.25,w295707132,2,1
CITY_K4R_dp_optimal_jenks,0.25,w297019342,4,3
CITY_K4R_dp_optimal_jenks,0.25,w301630551,2,1
CITY_K4R_dp_optimal_jenks,0.25,w302074720,4,3
CITY_K4R_dp_optimal_jenks,0.25,w302490113,2,1
CITY_K4R_dp_optimal_jenks,0.25,w315108395,4,3
CITY_K4R_dp_optimal_jenks,0.25,w318188296,2,3
CITY_K4R_dp_optimal_jenks,0.25,w319366987,4,3
CITY_K4R_dp_optimal_jenks,0.25,w320440073,4,3
CITY_K4R_dp_optimal_jenks,0.25,w330883125,2,3
CITY_K4R_dp_optimal_jenks,0.25,w330883126,2,3
CITY_K4R_dp_optimal_jenks,0.25,w352152735,4,3
CITY_K4R_dp_optimal_jenks,0.25,w352153727,4,3
CITY_K4R_dp_optimal_jenks,0.25,w352306365,2,3
CITY_K4R_dp_optimal_jenks,0.25,w352306367,2,3
CITY_K4R_dp_optimal_jenks,0.25,w47475160,2,3
CITY_K4R_dp_optimal_jenks,0.25,w47475164,2,3
CITY_K4R_dp_optimal_jenks,0.25,w47475181,2,3
CITY_K4R_dp_optimal_jenks,0.25,w666173093,4,3
CITY_K4R_dp_optimal_jenks,0.25,w91847078,4,3
CITY_K4R_dp_optimal_jenks,0.25,w91847118,4,3
CITY_K4R_dp_optimal_jenks,0.25,w91848801,4,3
CITY_K4R_dp_optimal_jenks,0.5,n2322916165,1,2
CITY_K4R_dp_optimal_jenks,0.5,n2322975402,1,2
CITY_K4R_dp_optimal_jenks,0.5,n2322975403,1,2
CITY_K4R_dp_optimal_jenks,0.5,n2323280446,1,2
CITY_K4R_dp_optimal_jenks,0.5,n2323793938,1,2
CITY_K4R_dp_optimal_jenks,0.5,n2325412688,3,2
CITY_K4R_dp_optimal_jenks,0.5,n2325422554,3,2
CITY_K4R_dp_optimal_jenks,0.5,n2330550601,4,3
CITY_K4R_dp_optimal_jenks,0.5,n4853320322,3,2
CITY_K4R_dp_optimal_jenks,0.5,n5162957729,4,3
CITY_K4R_dp_optimal_jenks,0.5,n5168724812,3,2
CITY_K4R_dp_optimal_jenks,0.5,w115331365,4,3
CITY_K4R_dp_optimal_jenks,0.5,w115331400,4,3
CITY_K4R_dp_optimal_jenks,0.5,w115331415,4,3
CITY_K4R_dp_optimal_jenks,0.5,w136395357,1,2
CITY_K4R_dp_optimal_jenks,0.5,w160024307,3,2
CITY_K4R_dp_optimal_jenks,0.5,w161058096,1,2
CITY_K4R_dp_optimal_jenks,0.5,w161058098,1,2
CITY_K4R_dp_optimal_jenks,0.5,w165763744,3,2
CITY_K4R_dp_optimal_jenks,0.5,w209262272,3,2
CITY_K4R_dp_optimal_jenks,0.5,w209262296,3,2
CITY_K4R_dp_optimal_jenks,0.5,w209416040,4,3
CITY_K4R_dp_optimal_jenks,0.5,w209416045,4,3
CITY_K4R_dp_optimal_jenks,0.5,w209416050,4,3
CITY_K4R_dp_optimal_jenks,0.5,w209416072,4,3
CITY_K4R_dp_optimal_jenks,0.5,w209416073,4,3
CITY_K4R_dp_optimal_jenks,0.5,w211496742,1,2
CITY_K4R_dp_optimal_jenks,0.5,w211496755,1,2
CITY_K4R_dp_optimal_jenks,0.5,w211496770,1,2
CITY_K4R_dp_optimal_jenks,0.5,w211496784,1,2
CITY_K4R_dp_optimal_jenks,0.5,w211496787,1,2
CITY_K4R_dp_optimal_jenks,0.5,w211496794,1,2
CITY_K4R_dp_optimal_jenks,0.5,w222738960,1,2
CITY_K4R_dp_optimal_jenks,0.5,w222738963,1,2
CITY_K4R_dp_optimal_jenks,0.5,w222751376,1,2
CITY_K4R_dp_optimal_jenks,0.5,w222755778,1,2
CITY_K4R_dp_optimal_jenks,0.5,w222767138,1,2
CITY_K4R_dp_optimal_jenks,0.5,w222767139,1,2
CITY_K4R_dp_optimal_jenks,0.5,w222774399,1,2
CITY_K4R_dp_optimal_jenks,0.5,w222787497,1,2
CITY_K4R_dp_optimal_jenks,0.5,w222830311,1,2
CITY_K4R_dp_optimal_jenks,0.5,w225221602,3,2
CITY_K4R_dp_optimal_jenks,0.5,w225221603,3,2
CITY_K4R_dp_optimal_jenks,0.5,w256217671,1,2
CITY_K4R_dp_optimal_jenks,0.5,w285072091,1,2
CITY_K4R_dp_optimal_jenks,0.5,w285072093,1,2
CITY_K4R_dp_optimal_jenks,0.5,w285072095,1,2
CITY_K4R_dp_optimal_jenks,0.5,w285072097,1,2
CITY_K4R_dp_optimal_jenks,0.5,w285072101,1,2
CITY_K4R_dp_optimal_jenks,0.5,w285072106,1,2
CITY_K4R_dp_optimal_jenks,0.5,w285072112,1,2
CITY_K4R_dp_optimal_jenks,0.5,w292900977,1,2
CITY_K4R_dp_optimal_jenks,0.5,w292900978,1,2
CITY_K4R_dp_optimal_jenks,0.5,w292900980,1,2
CITY_K4R_dp_optimal_jenks,0.5,w293173091,1,2
CITY_K4R_dp_optimal_jenks,0.5,w293173092,1,2
CITY_K4R_dp_optimal_jenks,0.5,w293173094,1,2
CITY_K4R_dp_optimal_jenks,0.5,w295027082,1,2
CITY_K4R_dp_optimal_jenks,0.5,w295027389,1,2
CITY_K4R_dp_optimal_jenks,0.5,w295027462,1,2
CITY_K4R_dp_optimal_jenks,0.5,w295027665,1,2
CITY_K4R_dp_optimal_jenks,0.5,w295078230,1,2
CITY_K4R_dp_optimal_jenks,0.5,w295088581,1,2
CITY_K4R_dp_optimal_jenks,0.5,w295088589,1,2
CITY_K4R_dp_optimal_jenks,0.5,w295115437,1,2
CITY_K4R_dp_optimal_jenks,0.5,w295151362,1,2
CITY_K4R_dp_optimal_jenks,0.5,w295151363,1,2
CITY_K4R_dp_optimal_jenks,0.5,w295151364,1,2
CITY_K4R_dp_optimal_jenks,0.5,w295151629,1,2
CITY_K4R_dp_optimal_jenks,0.5,w295153377,1,2
CITY_K4R_dp_optimal_jenks,0.5,w295153378,1,2
CITY_K4R_dp_optimal_jenks,0.5,w295153395,1,2
CITY_K4R_dp_optimal_jenks,0.5,w295197150,1,2
CITY_K4R_dp_optimal_jenks,0.5,w295199125,1,2
CITY_K4R_dp_optimal_jenks,0.5,w295209148,1,2
CITY_K4R_dp_optimal_jenks,0.5,w295209149,1,2
CITY_K4R_dp_optimal_jenks,0.5,w295209150,1,2
CITY_K4R_dp_optimal_jenks,0.5,w295209151,1,2
CITY_K4R_dp_optimal_jenks,0.5,w295209152,1,2
CITY_K4R_dp_optimal_jenks,0.5,w295209153,1,2
CITY_K4R_dp_optimal_jenks,0.5,w295209154,1,2
CITY_K4R_dp_optimal_jenks,0.5,w295209161,1,2
CITY_K4R_dp_optimal_jenks,0.5,w295209162,1,2
CITY_K4R_dp_optimal_jenks,0.5,w295209166,1,2
CITY_K4R_dp_optimal_jenks,0.5,w295209167,1,2
CITY_K4R_dp_optimal_jenks,0.5,w295209168,1,2
CITY_K4R_dp_optimal_jenks,0.5,w295209169,1,2
CITY_K4R_dp_optimal_jenks,0.5,w295209170,1,2
CITY_K4R_dp_optimal_jenks,0.5,w295335656,1,2
CITY_K4R_dp_optimal_jenks,0.5,w295341620,1,2
CITY_K4R_dp_optimal_jenks,0.5,w295341621,1,2
CITY_K4R_dp_optimal_jenks,0.5,w295341624,1,2
CITY_K4R_dp_optimal_jenks,0.5,w295341625,1,2
CITY_K4R_dp_optimal_jenks,0.5,w295341626,1,2
CITY_K4R_dp_optimal_jenks,0.5,w295341627,1,2
CITY_K4R_dp_optimal_jenks,0.5,w295341629,1,2
CITY_K4R_dp_optimal_jenks,0.5,w295341630,1,2
CITY_K4R_dp_optimal_jenks,0.5,w295341633,1,2
CITY_K4R_dp_optimal_jenks,0.5,w295401024,1,2
CITY_K4R_dp_optimal_jenks,0.5,w295401025,1,2
CITY_K4R_dp_optimal_jenks,0.5,w295401028,1,2
CITY_K4R_dp_optimal_jenks,0.5,w295401029,1,2
CITY_K4R_dp_optimal_jenks,0.5,w295401030,1,2
CITY_K4R_dp_optimal_jenks,0.5,w295401031,1,2
CITY_K4R_dp_optimal_jenks,0.5,w295401046,1,2
CITY_K4R_dp_optimal_jenks,0.5,w295401048,1,2
CITY_K4R_dp_optimal_jenks,0.5,w295401050,1,2
CITY_K4R_dp_optimal_jenks,0.5,w295401051,1,2
CITY_K4R_dp_optimal_jenks,0.5,w295401054,1,2
CITY_K4R_dp_optimal_jenks,0.5,w295401059,1,2
CITY_K4R_dp_optimal_jenks,0.5,w295401060,1,2
CITY_K4R_dp_optimal_jenks,0.5,w295401061,1,2
CITY_K4R_dp_optimal_jenks,0.5,w295401062,1,2
CITY_K4R_dp_optimal_jenks,0.5,w295401066,1,2
CITY_K4R_dp_optimal_jenks,0.5,w295401067,1,2
CITY_K4R_dp_optimal_jenks,0.5,w295401068,1,2
CITY_K4R_dp_optimal_jenks,0.5,w295401069,1,2
CITY_K4R_dp_optimal_jenks,0.5,w295401070,1,2
CITY_K4R_dp_optimal_jenks,0.5,w295401072,1,2
CITY_K4R_dp_optimal_jenks,0.5,w295401075,1,2
CITY_K4R_dp_optimal_jenks,0.5,w295401081,1,2
CITY_K4R_dp_optimal_jenks,0.5,w295401082,1,2
CITY_K4R_dp_optimal_jenks,0.5,w295401083,1,2
CITY_K4R_dp_optimal_jenks,0.5,w295401085,1,2
CITY_K4R_dp_optimal_jenks,0.5,w295401099,1,2
CITY_K4R_dp_optimal_jenks,0.5,w295401100,1,2
CITY_K4R_dp_optimal_jenks,0.5,w295401101,1,2
CITY_K4R_dp_optimal_jenks,0.5,w295401102,1,2
CITY_K4R_dp_optimal_jenks,0.5,w295421416,1,2
CITY_K4R_dp_optimal_jenks,0.5,w295421419,1,2
CITY_K4R_dp_optimal_jenks,0.5,w295421420,1,2
CITY_K4R_dp_optimal_jenks,0.5,w295421423,1,2
CITY_K4R_dp_optimal_jenks,0.5,w295421425,1,2
CITY_K4R_dp_optimal_jenks,0.5,w295421427,1,2
CITY_K4R_dp_optimal_jenks,0.5,w295421429,1,2
CITY_K4R_dp_optimal_jenks,0.5,w295421430,1,2
CITY_K4R_dp_optimal_jenks,0.5,w295421433,1,2
CITY_K4R_dp_optimal_jenks,0.5,w295421436,1,2
CITY_K4R_dp_optimal_jenks,0.5,w295421437,1,2
CITY_K4R_dp_optimal_jenks,0.5,w295421452,1,2
CITY_K4R_dp_optimal_jenks,0.5,w295421454,1,2
CITY_K4R_dp_optimal_jenks,0.5,w295421456,1,2
CITY_K4R_dp_optimal_jenks,0.5,w295421458,1,2
CITY_K4R_dp_optimal_jenks,0.5,w295421463,1,2
CITY_K4R_dp_optimal_jenks,0.5,w295422788,1,2
CITY_K4R_dp_optimal_jenks,0.5,w295423300,1,2
CITY_K4R_dp_optimal_jenks,0.5,w295423302,1,2
CITY_K4R_dp_optimal_jenks,0.5,w295423310,1,2
CITY_K4R_dp_optimal_jenks,0.5,w295423311,1,2
CITY_K4R_dp_optimal_jenks,0.5,w295423312,1,2
CITY_K4R_dp_optimal_jenks,0.5,w295540309,1,2
CITY_K4R_dp_optimal_jenks,0.5,w295540310,1,2
CITY_K4R_dp_optimal_jenks,0.5,w295540311,1,2
CITY_K4R_dp_optimal_jenks,0.5,w295540312,1,2
CITY_K4R_dp_optimal_jenks,0.5,w295540314,1,2
CITY_K4R_dp_optimal_jenks,0.5,w295540315,1,2
CITY_K4R_dp_optimal_jenks,0.5,w295540316,1,2
CITY_K4R_dp_optimal_jenks,0.5,w295540317,1,2
CITY_K4R_dp_optimal_jenks,0.5,w295540320,1,2
CITY_K4R_dp_optimal_jenks,0.5,w295540333,1,2
CITY_K4R_dp_optimal_jenks,0.5,w295540335,1,2
CITY_K4R_dp_optimal_jenks,0.5,w295619133,1,2
CITY_K4R_dp_optimal_jenks,0.5,w295619134,1,2
CITY_K4R_dp_optimal_jenks,0.5,w295619135,1,2
CITY_K4R_dp_optimal_jenks,0.5,w295619138,1,2
CITY_K4R_dp_optimal_jenks,0.5,w295619150,1,2
CITY_K4R_dp_optimal_jenks,0.5,w295619151,1,2
CITY_K4R_dp_optimal_jenks,0.5,w295619153,1,2
CITY_K4R_dp_optimal_jenks,0.5,w295619766,1,2
CITY_K4R_dp_optimal_jenks,0.5,w295619767,1,2
CITY_K4R_dp_optimal_jenks,0.5,w295707143,1,2
CITY_K4R_dp_optimal_jenks,0.5,w295707144,1,2
CITY_K4R_dp_optimal_jenks,0.5,w295707146,1,2
CITY_K4R_dp_optimal_jenks,0.5,w295707148,1,2
CITY_K4R_dp_optimal_jenks,0.5,w295850166,1,2
CITY_K4R_dp_optimal_jenks,0.5,w295850168,1,2
CITY_K4R_dp_optimal_jenks,0.5,w295850169,1,2
CITY_K4R_dp_optimal_jenks,0.5,w295850170,1,2
CITY_K4R_dp_optimal_jenks,0.5,w295850172,1,2
CITY_K4R_dp_optimal_jenks,0.5,w295850173,1,2
CITY_K4R_dp_optimal_jenks,0.5,w297019342,4,3
CITY_K4R_dp_optimal_jenks,0.5,w299349849,1,2
CITY_K4R_dp_optimal_jenks,0.5,w301224316,1,2
CITY_K4R_dp_optimal_jenks,0.5,w301224317,1,2
CITY_K4R_dp_optimal_jenks,0.5,w301224319,1,2
CITY_K4R_dp_optimal_jenks,0.5,w301224321,1,2
CITY_K4R_dp_optimal_jenks,0.5,w301224323,1,2
CITY_K4R_dp_optimal_jenks,0.5,w301224324,1,2
CITY_K4R_dp_optimal_jenks,0.5,w301225908,1,2
CITY_K4R_dp_optimal_jenks,0.5,w301226096,1,2
CITY_K4R_dp_optimal_jenks,0.5,w301226098,1,2
CITY_K4R_dp_optimal_jenks,0.5,w301226099,1,2
CITY_K4R_dp_optimal_jenks,0.5,w301226100,1,2
CITY_K4R_dp_optimal_jenks,0.5,w301226103,1,2
CITY_K4R_dp_optimal_jenks,0.5,w301226105,1,2
CITY_K4R_dp_optimal_jenks,0.5,w301440598,1,2
CITY_K4R_dp_optimal_jenks,0.5,w301442644,1,2
CITY_K4R_dp_optimal_jenks,0.5,w301442645,1,2
CITY_K4R_dp_optimal_jenks,0.5,w301442647,1,2
CITY_K4R_dp_optimal_jenks,0.5,w301442648,1,2
CITY_K4R_dp_optimal_jenks,0.5,w301630521,1,2
CITY_K4R_dp_optimal_jenks,0.5,w301630523,1,2
CITY_K4R_dp_optimal_jenks,0.5,w301630524,1,2
CITY_K4R_dp_optimal_jenks,0.5,w301630525,1,2
CITY_K4R_dp_optimal_jenks,0.5,w301630526,1,2
CITY_K4R_dp_optimal_jenks,0.5,w301630527,1,2
CITY_K4R_dp_optimal_jenks,0.5,w301630530,1,2
CITY_K4R_dp_optimal_jenks,0.5,w301630531,1,2
CITY_K4R_dp_optimal_jenks,0.5,w301630544,1,2
CITY_K4R_dp_optimal_jenks,0.5,w302074720,4,3
CITY_K4R_dp_optimal_jenks,0.5,w302490110,1,2
CITY_K4R_dp_optimal_jenks,0.5,w310206419,3,2
CITY_K4R_dp_optimal_jenks,0.5,w310206420,3,2
CITY_K4R_dp_optimal_jenks,0.5,w310206421,3,2
CITY_K4R_dp_optimal_jenks,0.5,w315108395,4,3
CITY_K4R_dp_optimal_jenks,0.5,w318122808,3,2
CITY_K4R_dp_optimal_jenks,0.5,w318122810,3,2
CITY_K4R_dp_optimal_jenks,0.5,w318122811,3,2
CITY_K4R_dp_optimal_jenks,0.5,w318122813,3,2
CITY_K4R_dp_optimal_jenks,0.5,w318122843,3,2
CITY_K4R_dp_optimal_jenks,0.5,w318122845,3,2
CITY_K4R_dp_optimal_jenks,0.5,w318188258,3,2
CITY_K4R_dp_optimal_jenks,0.5,w318188260,3,2
CITY_K4R_dp_optimal_jenks,0.5,w318188261,3,2
CITY_K4R_dp_optimal_jenks,0.5,w318188262,3,2
CITY_K4R_dp_optimal_jenks,0.5,w318188263,3,2
CITY_K4R_dp_optimal_jenks,0.5,w318188264,3,2
CITY_K4R_dp_optimal_jenks,0.5,w318188266,3,2
CITY_K4R_dp_optimal_jenks,0.5,w318188267,3,2
CITY_K4R_dp_optimal_jenks,0.5,w318188268,3,2
CITY_K4R_dp_optimal_jenks,0.5,w318188269,3,2
CITY_K4R_dp_optimal_jenks,0.5,w318188270,3,2
CITY_K4R_dp_optimal_jenks,0.5,w318188274,3,2
CITY_K4R_dp_optimal_jenks,0.5,w318188297,3,2
CITY_K4R_dp_optimal_jenks,0.5,w318188298,3,2
CITY_K4R_dp_optimal_jenks,0.5,w318188299,3,2
CITY_K4R_dp_optimal_jenks,0.5,w318188300,3,2
CITY_K4R_dp_optimal_jenks,0.5,w318188302,3,2
CITY_K4R_dp_optimal_jenks,0.5,w319147343,3,2
CITY_K4R_dp_optimal_jenks,0.5,w319147344,3,2
CITY_K4R_dp_optimal_jenks,0.5,w319147345,3,2
CITY_K4R_dp_optimal_jenks,0.5,w319147346,3,2
CITY_K4R_dp_optimal_jenks,0.5,w319147347,3,2
CITY_K4R_dp_optimal_jenks,0.5,w319147348,3,2
CITY_K4R_dp_optimal_jenks,0.5,w319366987,4,3
CITY_K4R_dp_optimal_jenks,0.5,w319384383,3,2
CITY_K4R_dp_optimal_jenks,0.5,w319390717,3,2
CITY_K4R_dp_optimal_jenks,0.5,w319390719,3,2
CITY_K4R_dp_optimal_jenks,0.5,w319390721,3,2
CITY_K4R_dp_optimal_jenks,0.5,w319390725,3,2
CITY_K4R_dp_optimal_jenks,0.5,w319390729,3,2
CITY_K4R_dp_optimal_jenks,0.5,w319390733,3,2
CITY_K4R_dp_optimal_jenks,0.5,w319390735,3,2
CITY_K4R_dp_optimal_jenks,0.5,w319390737,3,2
CITY_K4R_dp_optimal_jenks,0.5,w319390740,3,2
CITY_K4R_dp_optimal_jenks,0.5,w319390744,3,2
CITY_K4R_dp_optimal_jenks,0.5,w319390746,3,2
CITY_K4R_dp_optimal_jenks,0.5,w319390755,3,2
CITY_K4R_dp_optimal_jenks,0.5,w319390758,3,2
CITY_K4R_dp_optimal_jenks,0.5,w319390759,3,2
CITY_K4R_dp_optimal_jenks,0.5,w319390760,3,2
CITY_K4R_dp_optimal_jenks,0.5,w319390762,3,2
CITY_K4R_dp_optimal_jenks,0.5,w319390765,3,2
CITY_K4R_dp_optimal_jenks,0.5,w319616189,3,2
CITY_K4R_dp_optimal_jenks,0.5,w319616191,3,2
CITY_K4R_dp_optimal_jenks,0.5,w320382878,3,2
CITY_K4R_dp_optimal_jenks,0.5,w320382879,3,2
CITY_K4R_dp_optimal_jenks,0.5,w320440073,4,3
CITY_K4R_dp_optimal_jenks,0.5,w320444304,3,2
CITY_K4R_dp_optimal_jenks,0.5,w320444305,3,2
CITY_K4R_dp_optimal_jenks,0.5,w320444312,3,2
CITY_K4R_dp_optimal_jenks,0.5,w320444313,3,2
CITY_K4R_dp_optimal_jenks,0.5,w320444314,3,2
CITY_K4R_dp_optimal_jenks,0.5,w320444317,3,2
CITY_K4R_dp_optimal_jenks,0.5,w320444319,3,2
CITY_K4R_dp_optimal_jenks,0.5,w320444320,3,2
CITY_K4R_dp_optimal_jenks,0.5,w320444322,3,2
CITY_K4R_dp_optimal_jenks,0.5,w320444326,3,2
CITY_K4R_dp_optimal_jenks,0.5,w330410222,3,2
CITY_K4R_dp_optimal_jenks,0.5,w330410224,3,2
CITY_K4R_dp_optimal_jenks,0.5,w333999696,3,2
CITY_K4R_dp_optimal_jenks,0.5,w351684270,1,2
CITY_K4R_dp_optimal_jenks,0.5,w352152735,4,3
CITY_K4R_dp_optimal_jenks,0.5,w352153727,4,3
CITY_K4R_dp_optimal_jenks,0.5,w352306368,3,2
CITY_K4R_dp_optimal_jenks,0.5,w352307875,3,2
CITY_K4R_dp_optimal_jenks,0.5,w352309768,3,2
CITY_K4R_dp_optimal_jenks,0.5,w352309769,3,2
CITY_K4R_dp_optimal_jenks,0.5,w352312100,3,2
CITY_K4R_dp_optimal_jenks,0.5,w352312102,3,2
CITY_K4R_dp_optimal_jenks,0.5,w352312105,3,2
CITY_K4R_dp_optimal_jenks,0.5,w352312106,3,2
CITY_K4R_dp_optimal_jenks,0.5,w352312107,3,2
CITY_K4R_dp_optimal_jenks,0.5,w352312109,3,2
CITY_K4R_dp_optimal_jenks,0.5,w352312110,3,2
CITY_K4R_dp_optimal_jenks,0.5,w352312112,3,2
CITY_K4R_dp_optimal_jenks,0.5,w352312113,3,2
CITY_K4R_dp_optimal_jenks,0.5,w352312114,3,2
CITY_K4R_dp_optimal_jenks,0.5,w352312119,3,2
CITY_K4R_dp_optimal_jenks,0.5,w352312123,3,2
CITY_K4R_dp_optimal_jenks,0.5,w352312124,3,2
CITY_K4R_dp_optimal_jenks,0.5,w352312126,3,2
CITY_K4R_dp_optimal_jenks,0.5,w352312127,3,2
CITY_K4R_dp_optimal_jenks,0.5,w352312128,3,2
CITY_K4R_dp_optimal_jenks,0.5,w352312130,3,2
CITY_K4R_dp_optimal_jenks,0.5,w352312131,3,2
CITY_K4R_dp_optimal_jenks,0.5,w352312132,3,2
CITY_K4R_dp_optimal_jenks,0.5,w352312134,3,2
CITY_K4R_dp_optimal_jenks,0.5,w352312135,3,2
CITY_K4R_dp_optimal_jenks,0.5,w352312136,3,2
CITY_K4R_dp_optimal_jenks,0.5,w352312139,3,2
CITY_K4R_dp_optimal_jenks,0.5,w352313147,3,2
CITY_K4R_dp_optimal_jenks,0.5,w352313148,3,2
CITY_K4R_dp_optimal_jenks,0.5,w352313149,3,2
CITY_K4R_dp_optimal_jenks,0.5,w352468401,3,2
CITY_K4R_dp_optimal_jenks,0.5,w352468405,3,2
CITY_K4R_dp_optimal_jenks,0.5,w352469710,3,2
CITY_K4R_dp_optimal_jenks,0.5,w352469712,3,2
CITY_K4R_dp_optimal_jenks,0.5,w352469714,3,2
CITY_K4R_dp_optimal_jenks,0.5,w352469717,3,2
CITY_K4R_dp_optimal_jenks,0.5,w352469718,3,2
CITY_K4R_dp_optimal_jenks,0.5,w352469720,3,2
CITY_K4R_dp_optimal_jenks,0.5,w352469721,3,2
CITY_K4R_dp_optimal_jenks,0.5,w352685623,1,2
CITY_K4R_dp_optimal_jenks,0.5,w354639224,1,2
CITY_K4R_dp_optimal_jenks,0.5,w354639226,1,2
CITY_K4R_dp_optimal_jenks,0.5,w399048811,3,2
CITY_K4R_dp_optimal_jenks,0.5,w399048812,3,2
CITY_K4R_dp_optimal_jenks,0.5,w404771107,3,2
CITY_K4R_dp_optimal_jenks,0.5,w404771108,3,2
CITY_K4R_dp_optimal_jenks,0.5,w404771109,3,2
CITY_K4R_dp_optimal_jenks,0.5,w404774439,3,2
CITY_K4R_dp_optimal_jenks,0.5,w404774440,3,2
CITY_K4R_dp_optimal_jenks,0.5,w404774441,3,2
CITY_K4R_dp_optimal_jenks,0.5,w404774442,3,2
CITY_K4R_dp_optimal_jenks,0.5,w404776025,3,2
CITY_K4R_dp_optimal_jenks,0.5,w404776027,3,2
CITY_K4R_dp_optimal_jenks,0.5,w404776033,3,2
CITY_K4R_dp_optimal_jenks,0.5,w404798031,3,2
CITY_K4R_dp_optimal_jenks,0.5,w405171334,3,2
CITY_K4R_dp_optimal_jenks,0.5,w405171335,3,2
CITY_K4R_dp_optimal_jenks,0.5,w405292292,3,2
CITY_K4R_dp_optimal_jenks,0.5,w405292294,3,2
CITY_K4R_dp_optimal_jenks,0.5,w405292297,3,2
CITY_K4R_dp_optimal_jenks,0.5,w405292298,3,2
CITY_K4R_dp_optimal_jenks,0.5,w405292300,3,2
CITY_K4R_dp_optimal_jenks,0.5,w405292301,3,2
CITY_K4R_dp_optimal_jenks,0.5,w405292302,3,2
CITY_K4R_dp_optimal_jenks,0.5,w414674678,3,2
CITY_K4R_dp_optimal_jenks,0.5,w415723868,1,2
CITY_K4R_dp_optimal_jenks,0.5,w41852207,1,2
CITY_K4R_dp_optimal_jenks,0.5,w41852211,1,2
CITY_K4R_dp_optimal_jenks,0.5,w41852297,1,2
CITY_K4R_dp_optimal_jenks,0.5,w47467967,3,2
CITY_K4R_dp_optimal_jenks,0.5,w47467971,3,2
CITY_K4R_dp_optimal_jenks,0.5,w47467973,3,2
CITY_K4R_dp_optimal_jenks,0.5,w47475148,3,2
CITY_K4R_dp_optimal_jenks,0.5,w47475152,3,2
CITY_K4R_dp_optimal_jenks,0.5,w47475155,3,2
CITY_K4R_dp_optimal_jenks,0.5,w47475157,3,2
CITY_K4R_dp_optimal_jenks,0.5,w47475165,3,2
CITY_K4R_dp_optimal_jenks,0.5,w47475176,3,2
CITY_K4R_dp_optimal_jenks,0.5,w47475180,3,2
CITY_K4R_dp_optimal_jenks,0.5,w532683944,3,2
CITY_K4R_dp_optimal_jenks,0.5,w644905610,1,2
CITY_K4R_dp_optimal_jenks,0.5,w666173093,4,3
CITY_K4R_dp_optimal_jenks,0.5,w91847078,4,3
CITY_K4R_dp_optimal_jenks,0.5,w91847118,4,3
CITY_K4R_dp_optimal_jenks,0.5,w91848801,4,3
CITY_K4R_dp_optimal_jenks,0.5,w96821596,3,2
CITY_K4R_dp_optimal_jenks,0.5,w96821681,3,2
CITY_K4R_dp_optimal_jenks,0.5,w96821744,3,2
CITY_K4R_dp_optimal_jenks,0.5,w96821767,3,2
CITY_K5R_dp_optimal_jenks,0.1,n2322975402,2,1
CITY_K5R_dp_optimal_jenks,0.1,n2322975403,2,1
CITY_K5R_dp_optimal_jenks,0.1,n2323574999,3,2
CITY_K5R_dp_optimal_jenks,0.1,n2330549394,4,5
CITY_K5R_dp_optimal_jenks,0.1,n4835076145,4,5
CITY_K5R_dp_optimal_jenks,0.1,n5708918557,3,4
CITY_K5R_dp_optimal_jenks,0.1,w115331407,3,4
CITY_K5R_dp_optimal_jenks,0.1,w161048739,3,2
CITY_K5R_dp_optimal_jenks,0.1,w209416039,4,5
CITY_K5R_dp_optimal_jenks,0.1,w209416079,4,5
CITY_K5R_dp_optimal_jenks,0.1,w223680912,3,4
CITY_K5R_dp_optimal_jenks,0.1,w225089308,3,4
CITY_K5R_dp_optimal_jenks,0.1,w295341629,2,1
CITY_K5R_dp_optimal_jenks,0.1,w295341630,2,1
CITY_K5R_dp_optimal_jenks,0.1,w295421425,2,1
CITY_K5R_dp_optimal_jenks,0.1,w295423310,2,1
CITY_K5R_dp_optimal_jenks,0.1,w295423312,2,1
CITY_K5R_dp_optimal_jenks,0.1,w295540335,2,1
CITY_K5R_dp_optimal_jenks,0.1,w295619138,2,1
CITY_K5R_dp_optimal_jenks,0.1,w295619150,2,1
CITY_K5R_dp_optimal_jenks,0.1,w295707143,2,1
CITY_K5R_dp_optimal_jenks,0.1,w295707144,2,1
CITY_K5R_dp_optimal_jenks,0.1,w301226099,2,1
CITY_K5R_dp_optimal_jenks,0.1,w301226100,2,1
CITY_K5R_dp_optimal_jenks,0.1,w301630544,2,1
CITY_K5R_dp_optimal_jenks,0.1,w302074753,4,5
CITY_K5R_dp_optimal_jenks,0.1,w306219468,3,4
CITY_K5R_dp_optimal_jenks,0.1,w315618129,4,5
CITY_K5R_dp_optimal_jenks,0.1,w315618131,4,5
CITY_K5R_dp_optimal_jenks,0.1,w315618155,4,5
CITY_K5R_dp_optimal_jenks,0.1,w315807199,4,5
CITY_K5R_dp_optimal_jenks,0.1,w315851327,4,5
CITY_K5R_dp_optimal_jenks,0.1,w317149367,4,5
CITY_K5R_dp_optimal_jenks,0.1,w317149374,4,5
CITY_K5R_dp_optimal_jenks,0.1,w318044883,4,5
CITY_K5R_dp_optimal_jenks,0.1,w318083425,4,5
CITY_K5R_dp_optimal_jenks,0.1,w318083426,4,5
CITY_K5R_dp_optimal_jenks,0.1,w318083428,4,5
CITY_K5R_dp_optimal_jenks,0.1,w318120142,4,5
CITY_K5R_dp_optimal_jenks,0.1,w318701795,3,4
CITY_K5R_dp_optimal_jenks,0.1,w319141418,3,4
CITY_K5R_dp_optimal_jenks,0.1,w323694276,3,2
CITY_K5R_dp_optimal_jenks,0.1,w340414535,3,2
CITY_K5R_dp_optimal_jenks,0.1,w340414544,3,2
CITY_K5R_dp_optimal_jenks,0.1,w351854665,4,5
CITY_K5R_dp_optimal_jenks,0.1,w351855710,3,4
CITY_K5R_dp_optimal_jenks,0.1,w352149217,4,5
CITY_K5R_dp_optimal_jenks,0.1,w352306070,3,2
CITY_K5R_dp_optimal_jenks,0.1,w352307860,3,2
CITY_K5R_dp_optimal_jenks,0.1,w354300764,3,2
CITY_K5R_dp_optimal_jenks,0.1,w354639226,2,1
CITY_K5R_dp_optimal_jenks,0.1,w404772337,3,4
CITY_K5R_dp_optimal_jenks,0.1,w404772345,3,4
CITY_K5R_dp_optimal_jenks,0.1,w405093285,3,4
CITY_K5R_dp_optimal_jenks,0.1,w405169693,3,2
CITY_K5R_dp_optimal_jenks,0.1,w406631301,3,4
CITY_K5R_dp_optimal_jenks,0.1,w406637929,3,4
CITY_K5R_dp_optimal_jenks,0.1,w407354360,4,5
CITY_K5R_dp_optimal_jenks,0.1,w410946402,3,4
CITY_K5R_dp_optimal_jenks,0.1,w41852207,2,1
CITY_K5R_dp_optimal_jenks,0.1,w531651451,3,2
CITY_K5R_dp_optimal_jenks,0.1,w531651452,3,2
CITY_K5R_dp_optimal_jenks,0.1,w531651455,3,2
CITY_K5R_dp_optimal_jenks,0.1,w91847092,4,5
CITY_K5R_dp_optimal_jenks,0.1,w91847113,4,5
CITY_K5R_dp_optimal_jenks,0.25,n2321855336,4,5
CITY_K5R_dp_optimal_jenks,0.25,n2321951519,4,5
CITY_K5R_dp_optimal_jenks,0.25,n2321994025,4,5
CITY_K5R_dp_optimal_jenks,0.25,n2322975402,2,1
CITY_K5R_dp_optimal_jenks,0.25,n2322975403,2,1
CITY_K5R_dp_optimal_jenks,0.25,n2323574999,3,2
CITY_K5R_dp_optimal_jenks,0.25,n2323793895,2,1
CITY_K5R_dp_optimal_jenks,0.25,n2323793938,2,1
CITY_K5R_dp_optimal_jenks,0.25,n2325729693,3,4
CITY_K5R_dp_optimal_jenks,0.25,n2325729694,3,4
CITY_K5R_dp_optimal_jenks,0.25,n2325809586,3,4
CITY_K5R_dp_optimal_jenks,0.25,n2328051595,3,4
CITY_K5R_dp_optimal_jenks,0.25,n2328051598,3,4
CITY_K5R_dp_optimal_jenks,0.25,n2330549394,4,5
CITY_K5R_dp_optimal_jenks,0.25,n4835050373,4,5
CITY_K5R_dp_optimal_jenks,0.25,n4835076145,4,5
CITY_K5R_dp_optimal_jenks,0.25,n4835076146,4,5
CITY_K5R_dp_optimal_jenks,0.25,n5708918557,3,4
CITY_K5R_dp_optimal_jenks,0.25,w115331342,4,5
CITY_K5R_dp_optimal_jenks,0.25,w115331393,3,4
CITY_K5R_dp_optimal_jenks,0.25,w115331407,3,4
CITY_K5R_dp_optimal_jenks,0.25,w115331421,4,5
CITY_K5R_dp_optimal_jenks,0.25,w115331462,4,5
CITY_K5R_dp_optimal_jenks,0.25,w116073008,3,4
CITY_K5R_dp_optimal_jenks,0.25,w161048734,3,2
CITY_K5R_dp_optimal_jenks,0.25,w161048739,3,2
CITY_K5R_dp_optimal_jenks,0.25,w161048749,3,2
CITY_K5R_dp_optimal_jenks,0.25,w165763737,3,4
CITY_K5R_dp_optimal_jenks,0.25,w209287666,4,5
CITY_K5R_dp_optimal_jenks,0.25,w209416039,4,5
CITY_K5R_dp_optimal_jenks,0.25,w209416041,4,5
CITY_K5R_dp_optimal_jenks,0.25,w209416075,4,5
CITY_K5R_dp_optimal_jenks,0.25,w209416079,4,5
CITY_K5R_dp_optimal_jenks,0.25,w209416093,4,5
CITY_K5R_dp_optimal_jenks,0.25,w209654289,3,2
CITY_K5R_dp_optimal_jenks,0.25,w209654376,3,2
CITY_K5R_dp_optimal_jenks,0.25,w223680282,3,4
CITY_K5R_dp_optimal_jenks,0.25,w223680912,3,4
CITY_K5R_dp_optimal_jenks,0.25,w225089308,3,4
CITY_K5R_dp_optimal_jenks,0.25,w285072097,2,1
CITY_K5R_dp_optimal_jenks,0.25,w285072098,2,1
CITY_K5R_dp_optimal_jenks,0.25,w285072106,2,1
CITY_K5R_dp_optimal_jenks,0.25,w285072112,2,1
CITY_K5R_dp_optimal_jenks,0.25,w292900980,2,1
CITY_K5R_dp_optimal_jenks,0.25,w293173067,2,1
CITY_K5R_dp_optimal_jenks,0.25,w295341629,2,1
CITY_K5R_dp_optimal_jenks,0.25,w295341630,2,1
CITY_K5R_dp_optimal_jenks,0.25,w295341633,2,1
CITY_K5R_dp_optimal_jenks,0.25,w295401074,2,1
CITY_K5R_dp_optimal_jenks,0.25,w295421425,2,1
CITY_K5R_dp_optimal_jenks,0.25,w295423300,2,1
CITY_K5R_dp_optimal_jenks,0.25,w295423310,2,1
CITY_K5R_dp_optimal_jenks,0.25,w295423312,2,1
CITY_K5R_dp_optimal_jenks,0.25,w295540333,2,1
CITY_K5R_dp_optimal_jenks,0.25,w295540335,2,1
CITY_K5R_dp_optimal_jenks,0.25,w295619138,2,1
CITY_K5R_dp_optimal_jenks,0.25,w295619150,2,1
CITY_K5R_dp_optimal_jenks,0.25,w295619151,2,1
CITY_K5R_dp_optimal_jenks,0.25,w295619153,2,1
CITY_K5R_dp_optimal_jenks,0.25,w295707132,2,1
CITY_K5R_dp_optimal_jenks,0.25,w295707143,2,1
CITY_K5R_dp_optimal_jenks,0.25,w295707144,2,1
CITY_K5R_dp_optimal_jenks,0.25,w299629688,4,5
CITY_K5R_dp_optimal_jenks,0.25,w301226099,2,1
CITY_K5R_dp_optimal_jenks,0.25,w301226100,2,1
CITY_K5R_dp_optimal_jenks,0.25,w301630544,2,1
CITY_K5R_dp_optimal_jenks,0.25,w301630551,2,1
CITY_K5R_dp_optimal_jenks,0.25,w302074738,4,5
CITY_K5R_dp_optimal_jenks,0.25,w302074749,4,5
CITY_K5R_dp_optimal_jenks,0.25,w302074753,4,5
CITY_K5R_dp_optimal_jenks,0.25,w302369879,4,5
CITY_K5R_dp_optimal_jenks,0.25,w302490113,2,1
CITY_K5R_dp_optimal_jenks,0.25,w306219468,3,4
CITY_K5R_dp_optimal_jenks,0.25,w306219469,3,4
CITY_K5R_dp_optimal_jenks,0.25,w306219470,3,4
CITY_K5R_dp_optimal_jenks,0.25,w306219483,3,4
CITY_K5R_dp_optimal_jenks,0.25,w306219486,3,4
CITY_K5R_dp_optimal_jenks,0.25,w306219488,3,4
CITY_K5R_dp_optimal_jenks,0.25,w315035700,3,2
CITY_K5R_dp_optimal_jenks,0.25,w315035701,3,2
CITY_K5R_dp_optimal_jenks,0.25,w315036780,3,2
CITY_K5R_dp_optimal_jenks,0.25,w315193170,4,5
CITY_K5R_dp_optimal_jenks,0.25,w315425217,4,5
CITY_K5R_dp_optimal_jenks,0.25,w315425219,4,5
CITY_K5R_dp_optimal_jenks,0.25,w315425223,4,5
CITY_K5R_dp_optimal_jenks,0.25,w315425226,4,5
CITY_K5R_dp_optimal_jenks,0.25,w315425245,4,5
CITY_K5R_dp_optimal_jenks,0.25,w315425247,4,5
CITY_K5R_dp_optimal_jenks,0.25,w315425248,4,5
CITY_K5R_dp_optimal_jenks,0.25,w315425250,4,5
CITY_K5R_dp_optimal_jenks,0.25,w315425252,4,5
CITY_K5R_dp_optimal_jenks,0.25,w315425254,4,5
CITY_K5R_dp_optimal_jenks,0.25,w315425255,4,5
CITY_K5R_dp_optimal_jenks,0.25,w315618129,4,5
CITY_K5R_dp_optimal_jenks,0.25,w315618131,4,5
CITY_K5R_dp_optimal_jenks,0.25,w315618155,4,5
CITY_K5R_dp_optimal_jenks,0.25,w315807199,4,5
CITY_K5R_dp_optimal_jenks,0.25,w315807208,4,5
CITY_K5R_dp_optimal_jenks,0.25,w315807210,4,5
CITY_K5R_dp_optimal_jenks,0.25,w315807212,4,5
CITY_K5R_dp_optimal_jenks,0.25,w315851327,4,5
CITY_K5R_dp_optimal_jenks,0.25,w317058938,3,2
CITY_K5R_dp_optimal_jenks,0.25,w317089142,3,2
CITY_K5R_dp_optimal_jenks,0.25,w317089143,3,2
CITY_K5R_dp_optimal_jenks,0.25,w317149367,4,5
CITY_K5R_dp_optimal_jenks,0.25,w317149374,4,5
CITY_K5R_dp_optimal_jenks,0.25,w318043420,4,5
CITY_K5R_dp_optimal_jenks,0.25,w318044882,4,5
CITY_K5R_dp_optimal_jenks,0.25,w318044883,4,5
CITY_K5R_dp_optimal_jenks,0.25,w318044885,4,5
CITY_K5R_dp_optimal_jenks,0.25,w318044886,4,5
CITY_K5R_dp_optimal_jenks,0.25,w318057741,3,4
CITY_K5R_dp_optimal_jenks,0.25,w318071327,3,4
CITY_K5R_dp_optimal_jenks,0.25,w318071328,3,4
CITY_K5R_dp_optimal_jenks,0.25,w318083425,4,5
CITY_K5R_dp_optimal_jenks,0.25,w318083426,4,5
CITY_K5R_dp_optimal_jenks,0.25,w318083428,4,5
CITY_K5R_dp_optimal_jenks,0.25,w318120137,4,5
CITY_K5R_dp_optimal_jenks,0.25,w318120142,4,5
CITY_K5R_dp_optimal_jenks,0.25,w318120143,4,5
CITY_K5R_dp_optimal_jenks,0.25,w318701773,3,4
CITY_K5R_dp_optimal_jenks,0.25,w318701778,3,4
CITY_K5R_dp_optimal_jenks,0.25,w318701780,3,4
CITY_K5R_dp_optimal_jenks,0.25,w318701795,3,4
CITY_K5R_dp_optimal_jenks,0.25,w319139360,3,4
CITY_K5R_dp_optimal_jenks,0.25,w319139364,3,4
CITY_K5R_dp_optimal_jenks,0.25,w319139366,3,4
CITY_K5R_dp_optimal_jenks,0.25,w319141416,3,4
CITY_K5R_dp_optimal_jenks,0.25,w319141418,3,4
CITY_K5R_dp_optimal_jenks,0.25,w319141437,3,4
CITY_K5R_dp_optimal_jenks,0.25,w319141439,3,4
CITY_K5R_dp_optimal_jenks,0.25,w319141442,3,4
CITY_K5R_dp_optimal_jenks,0.25,w319141443,3,4
CITY_K5R_dp_optimal_jenks,0.25,w319305819,3,4
CITY_K5R_dp_optimal_jenks,0.25,w319384387,3,2
CITY_K5R_dp_optimal_jenks,0.25,w319384388,3,2
CITY_K5R_dp_optimal_jenks,0.25,w319615908,3,4
CITY_K5R_dp_optimal_jenks,0.25,w323694276,3,2
CITY_K5R_dp_optimal_jenks,0.25,w323694277,3,2
CITY_K5R_dp_optimal_jenks,0.25,w340414535,3,2
CITY_K5R_dp_optimal_jenks,0.25,w340414537,3,2
CITY_K5R_dp_optimal_jenks,0.25,w340414542,3,2
CITY_K5R_dp_optimal_jenks,0.25,w340414544,3,2
CITY_K5R_dp_optimal_jenks,0.25,w351854665,4,5
CITY_K5R_dp_optimal_jenks,0.25,w351855709,3,4
CITY_K5R_dp_optimal_jenks,0.25,w351855710,3,4
CITY_K5R_dp_optimal_jenks,0.25,w352148088,3,4
CITY_K5R_dp_optimal_jenks,0.25,w352149217,4,5
CITY_K5R_dp_optimal_jenks,0.25,w352149222,4,5
CITY_K5R_dp_optimal_jenks,0.25,w352149225,4,5
CITY_K5R_dp_optimal_jenks,0.25,w352149827,4,5
CITY_K5R_dp_optimal_jenks,0.25,w352151085,4,5
CITY_K5R_dp_optimal_jenks,0.25,w352151496,4,5
CITY_K5R_dp_optimal_jenks,0.25,w352151497,4,5
CITY_K5R_dp_optimal_jenks,0.25,w352306070,3,2
CITY_K5R_dp_optimal_jenks,0.25,w352306780,3,2
CITY_K5R_dp_optimal_jenks,0.25,w352306787,3,2
CITY_K5R_dp_optimal_jenks,0.25,w352306788,3,2
CITY_K5R_dp_optimal_jenks,0.25,w352306789,3,2
CITY_K5R_dp_optimal_jenks,0.25,w352306790,3,2
CITY_K5R_dp_optimal_jenks,0.25,w352306791,3,2
CITY_K5R_dp_optimal_jenks,0.25,w352306792,3,2
CITY_K5R_dp_optimal_jenks,0.25,w352307860,3,2
CITY_K5R_dp_optimal_jenks,0.25,w352307861,3,2
CITY_K5R_dp_optimal_jenks,0.25,w352307862,3,2
CITY_K5R_dp_optimal_jenks,0.25,w352307863,3,2
CITY_K5R_dp_optimal_jenks,0.25,w352307864,3,2
CITY_K5R_dp_optimal_jenks,0.25,w352307865,3,2
CITY_K5R_dp_optimal_jenks,0.25,w352307867,3,2
CITY_K5R_dp_optimal_jenks,0.25,w354300756,3,2
CITY_K5R_dp_optimal_jenks,0.25,w354300759,3,2
CITY_K5R_dp_optimal_jenks,0.25,w354300763,3,2
CITY_K5R_dp_optimal_jenks,0.25,w354300764,3,2
CITY_K5R_dp_optimal_jenks,0.25,w354626503,3,2
CITY_K5R_dp_optimal_jenks,0.25,w354639226,2,1
CITY_K5R_dp_optimal_jenks,0.25,w399048969,3,4
CITY_K5R_dp_optimal_jenks,0.25,w400824556,3,4
CITY_K5R_dp_optimal_jenks,0.25,w404770759,3,4
CITY_K5R_dp_optimal_jenks,0.25,w404772337,3,4
CITY_K5R_dp_optimal_jenks,0.25,w404772338,3,4
CITY_K5R_dp_optimal_jenks,0.25,w404772345,3,4
CITY_K5R_dp_optimal_jenks,0.25,w404772346,3,4
CITY_K5R_dp_optimal_jenks,0.25,w404772347,3,4
CITY_K5R_dp_optimal_jenks,0.25,w404772349,3,4
CITY_K5R_dp_optimal_jenks,0.25,w404772350,3,4
CITY_K5R_dp_optimal_jenks,0.25,w404772351,3,4
CITY_K5R_dp_optimal_jenks,0.25,w404772358,3,4
CITY_K5R_dp_optimal_jenks,0.25,w404772360,3,4
CITY_K5R_dp_optimal_jenks,0.25,w404774408,3,4
CITY_K5R_dp_optimal_jenks,0.25,w404774415,3,4
CITY_K5R_dp_optimal_jenks,0.25,w404774416,3,4
CITY_K5R_dp_optimal_jenks,0.25,w404774417,3,4
CITY_K5R_dp_optimal_jenks,0.25,w404776044,3,4
CITY_K5R_dp_optimal_jenks,0.25,w404791984,3,4
CITY_K5R_dp_optimal_jenks,0.25,w404791985,3,4
CITY_K5R_dp_optimal_jenks,0.25,w404798005,3,4
CITY_K5R_dp_optimal_jenks,0.25,w404798009,3,4
CITY_K5R_dp_optimal_jenks,0.25,w404798021,3,4
CITY_K5R_dp_optimal_jenks,0.25,w404798026,3,4
CITY_K5R_dp_optimal_jenks,0.25,w405093285,3,4
CITY_K5R_dp_optimal_jenks,0.25,w405093288,3,4
CITY_K5R_dp_optimal_jenks,0.25,w405093289,3,4
CITY_K5R_dp_optimal_jenks,0.25,w405093290,3,4
CITY_K5R_dp_optimal_jenks,0.25,w405169684,3,4
CITY_K5R_dp_optimal_jenks,0.25,w405169685,3,4
CITY_K5R_dp_optimal_jenks,0.25,w405169691,3,2
CITY_K5R_dp_optimal_jenks,0.25,w405169693,3,2
CITY_K5R_dp_optimal_jenks,0.25,w405169694,3,2
CITY_K5R_dp_optimal_jenks,0.25,w405169697,3,2
CITY_K5R_dp_optimal_jenks,0.25,w406631293,3,2
CITY_K5R_dp_optimal_jenks,0.25,w406631300,3,4
CITY_K5R_dp_optimal_jenks,0.25,w406631301,3,4
CITY_K5R_dp_optimal_jenks,0.25,w406637929,3,4
CITY_K5R_dp_optimal_jenks,0.25,w407354359,4,5
CITY_K5R_dp_optimal_jenks,0.25,w407354360,4,5
CITY_K5R_dp_optimal_jenks,0.25,w407354377,4,5
CITY_K5R_dp_optimal_jenks,0.25,w408595946,3,4
CITY_K5R_dp_optimal_jenks,0.25,w410946402,3,4
CITY_K5R_dp_optimal_jenks,0.25,w414674677,3,4
CITY_K5R_dp_optimal_jenks,0.25,w414674684,3,4
CITY_K5R_dp_optimal_jenks,0.25,w414674698,3,4
CITY_K5R_dp_optimal_jenks,0.25,w41852207,2,1
CITY_K5R_dp_optimal_jenks,0.25,w428778441,3,2
CITY_K5R_dp_optimal_jenks,0.25,w47475158,3,2
CITY_K5R_dp_optimal_jenks,0.25,w531651450,3,2
CITY_K5R_dp_optimal_jenks,0.25,w531651451,3,2
CITY_K5R_dp_optimal_jenks,0.25,w531651452,3,2
CITY_K5R_dp_optimal_jenks,0.25,w531651455,3,2
CITY_K5R_dp_optimal_jenks,0.25,w87499740,3,4
CITY_K5R_dp_optimal_jenks,0.25,w91847057,4,5
CITY_K5R_dp_optimal_jenks,0.25,w91847071,4,5
CITY_K5R_dp_optimal_jenks,0.25,w91847092,4,5
CITY_K5R_dp_optimal_jenks,0.25,w91847113,4,5
CITY_K5R_dp_optimal_jenks,0.5,n2321834524,5,4
CITY_K5R_dp_optimal_jenks,0.5,n2321834527,5,4
CITY_K5R_dp_optimal_jenks,0.5,n2321834534,5,4
CITY_K5R_dp_optimal_jenks,0.5,n2321855335,5,4
CITY_K5R_dp_optimal_jenks,0.5,n2322916165,1,2
CITY_K5R_dp_optimal_jenks,0.5,n2323280446,1,2
CITY_K5R_dp_optimal_jenks,0.5,n2323574999,3,2
CITY_K5R_dp_optimal_jenks,0.5,n2325729693,3,4
CITY_K5R_dp_optimal_jenks,0.5,n2325729694,3,4
CITY_K5R_dp_optimal_jenks,0.5,n2325809586,3,4
CITY_K5R_dp_optimal_jenks,0.5,n2328051595,3,4
CITY_K5R_dp_optimal_jenks,0.5,n2328051598,3,4
CITY_K5R_dp_optimal_jenks,0.5,n2330549398,5,4
CITY_K5R_dp_optimal_jenks,0.5,n2334260105,5,4
CITY_K5R_dp_optimal_jenks,0.5,n4835050371,5,4
CITY_K5R_dp_optimal_jenks,0.5,n4835050372,5,4
CITY_K5R_dp_optimal_jenks,0.5,n4835076144,5,4
CITY_K5R_dp_optimal_jenks,0.5,n4919309516,5,4
CITY_K5R_dp_optimal_jenks,0.5,n5411906006,5,4
CITY_K5R_dp_optimal_jenks,0.5,n5708918557,3,4
CITY_K5R_dp_optimal_jenks,0.5,w103771199,5,4
CITY_K5R_dp_optimal_jenks,0.5,w103771201,5,4
CITY_K5R_dp_optimal_jenks,0.5,w103771202,5,4
CITY_K5R_dp_optimal_jenks,0.5,w115331367,5,4
CITY_K5R_dp_optimal_jenks,0.5,w115331393,3,4
CITY_K5R_dp_optimal_jenks,0.5,w115331407,3,4
CITY_K5R_dp_optimal_jenks,0.5,w115331513,5,4
CITY_K5R_dp_optimal_jenks,0.5,w116073008,3,4
CITY_K5R_dp_optimal_jenks,0.5,w136395357,1,2
CITY_K5R_dp_optimal_jenks,0.5,w161048734,3,2
CITY_K5R_dp_optimal_jenks,0.5,w161048739,3,2
CITY_K5R_dp_optimal_jenks,0.5,w161048749,3,2
CITY_K5R_dp_optimal_jenks,0.5,w161058096,1,2
CITY_K5R_dp_optimal_jenks,0.5,w161058098,1,2
CITY_K5R_dp_optimal_jenks,0.5,w165439283,5,4
CITY_K5R_dp_optimal_jenks,0.5,w165439302,5,4
CITY_K5R_dp_optimal_jenks,0.5,w165763737,3,4
CITY_K5R_dp_optimal_jenks,0.5,w184989536,5,4
CITY_K5R_dp_optimal_jenks,0.5,w209287675,5,4
CITY_K5R_dp_optimal_jenks,0.5,w209416027,5,4
CITY_K5R_dp_optimal_jenks,0.5,w209416028,5,4
CITY_K5R_dp_optimal_jenks,0.5,w209416030,5,4
CITY_K5R_dp_optimal_jenks,0.5,w209416038,5,4
CITY_K5R_dp_optimal_jenks,0.5,w209416042,5,4
CITY_K5R_dp_optimal_jenks,0.5,w209416065,5,4
CITY_K5R_dp_optimal_jenks,0.5,w209416068,5,4
CITY_K5R_dp_optimal_jenks,0.5,w209416078,5,4
CITY_K5R_dp_optimal_jenks,0.5,w209416082,5,4
CITY_K5R_dp_optimal_jenks,0.5,w209416084,5,4
CITY_K5R_dp_optimal_jenks,0.5,w209416092,5,4
CITY_K5R_dp_optimal_jenks,0.5,w209654289,3,2
CITY_K5R_dp_optimal_jenks,0.5,w209654376,3,2
CITY_K5R_dp_optimal_jenks,0.5,w211496742,1,2
CITY_K5R_dp_optimal_jenks,0.5,w211496755,1,2
CITY_K5R_dp_optimal_jenks,0.5,w211496770,1,2
CITY_K5R_dp_optimal_jenks,0.5,w211496784,1,2
CITY_K5R_dp_optimal_jenks,0.5,w211496787,1,2
CITY_K5R_dp_optimal_jenks,0.5,w211496794,1,2
CITY_K5R_dp_optimal_jenks,0.5,w222738960,1,2
CITY_K5R_dp_optimal_jenks,0.5,w222738963,1,2
CITY_K5R_dp_optimal_jenks,0.5,w222751376,1,2
CITY_K5R_dp_optimal_jenks,0.5,w222755778,1,2
CITY_K5R_dp_optimal_jenks,0.5,w222767138,1,2
CITY_K5R_dp_optimal_jenks,0.5,w222767139,1,2
CITY_K5R_dp_optimal_jenks,0.5,w222774399,1,2
CITY_K5R_dp_optimal_jenks,0.5,w222787497,1,2
CITY_K5R_dp_optimal_jenks,0.5,w222830311,1,2
CITY_K5R_dp_optimal_jenks,0.5,w223680282,3,4
CITY_K5R_dp_optimal_jenks,0.5,w223680912,3,4
CITY_K5R_dp_optimal_jenks,0.5,w224083295,5,4
CITY_K5R_dp_optimal_jenks,0.5,w225089308,3,4
CITY_K5R_dp_optimal_jenks,0.5,w256217671,1,2
CITY_K5R_dp_optimal_jenks,0.5,w285072091,1,2
CITY_K5R_dp_optimal_jenks,0.5,w285072093,1,2
CITY_K5R_dp_optimal_jenks,0.5,w285072095,1,2
CITY_K5R_dp_optimal_jenks,0.5,w285072101,1,2
CITY_K5R_dp_optimal_jenks,0.5,w292900977,1,2
CITY_K5R_dp_optimal_jenks,0.5,w292900978,1,2
CITY_K5R_dp_optimal_jenks,0.5,w293173091,1,2
CITY_K5R_dp_optimal_jenks,0.5,w293173092,1,2
CITY_K5R_dp_optimal_jenks,0.5,w293173094,1,2
CITY_K5R_dp_optimal_jenks,0.5,w295027082,1,2
CITY_K5R_dp_optimal_jenks,0.5,w295027389,1,2
CITY_K5R_dp_optimal_jenks,0.5,w295027462,1,2
CITY_K5R_dp_optimal_jenks,0.5,w295027665,1,2
CITY_K5R_dp_optimal_jenks,0.5,w295078230,1,2
CITY_K5R_dp_optimal_jenks,0.5,w295088581,1,2
CITY_K5R_dp_optimal_jenks,0.5,w295088589,1,2
CITY_K5R_dp_optimal_jenks,0.5,w295115437,1,2
CITY_K5R_dp_optimal_jenks,0.5,w295151362,1,2
CITY_K5R_dp_optimal_jenks,0.5,w295151363,1,2
CITY_K5R_dp_optimal_jenks,0.5,w295151364,1,2
CITY_K5R_dp_optimal_jenks,0.5,w295151629,1,2
CITY_K5R_dp_optimal_jenks,0.5,w295153377,1,2
CITY_K5R_dp_optimal_jenks,0.5,w295153378,1,2
CITY_K5R_dp_optimal_jenks,0.5,w295153395,1,2
CITY_K5R_dp_optimal_jenks,0.5,w295197150,1,2
CITY_K5R_dp_optimal_jenks,0.5,w295199125,1,2
CITY_K5R_dp_optimal_jenks,0.5,w295209148,1,2
CITY_K5R_dp_optimal_jenks,0.5,w295209149,1,2
CITY_K5R_dp_optimal_jenks,0.5,w295209150,1,2
CITY_K5R_dp_optimal_jenks,0.5,w295209151,1,2
CITY_K5R_dp_optimal_jenks,0.5,w295209152,1,2
CITY_K5R_dp_optimal_jenks,0.5,w295209153,1,2
CITY_K5R_dp_optimal_jenks,0.5,w295209154,1,2
CITY_K5R_dp_optimal_jenks,0.5,w295209161,1,2
CITY_K5R_dp_optimal_jenks,0.5,w295209162,1,2
CITY_K5R_dp_optimal_jenks,0.5,w295209166,1,2
CITY_K5R_dp_optimal_jenks,0.5,w295209167,1,2
CITY_K5R_dp_optimal_jenks,0.5,w295209168,1,2
CITY_K5R_dp_optimal_jenks,0.5,w295209169,1,2
CITY_K5R_dp_optimal_jenks,0.5,w295209170,1,2
CITY_K5R_dp_optimal_jenks,0.5,w295335656,1,2
CITY_K5R_dp_optimal_jenks,0.5,w295341620,1,2
CITY_K5R_dp_optimal_jenks,0.5,w295341621,1,2
CITY_K5R_dp_optimal_jenks,0.5,w295341624,1,2
CITY_K5R_dp_optimal_jenks,0.5,w295341625,1,2
CITY_K5R_dp_optimal_jenks,0.5,w295341626,1,2
CITY_K5R_dp_optimal_jenks,0.5,w295341627,1,2
CITY_K5R_dp_optimal_jenks,0.5,w295401024,1,2
CITY_K5R_dp_optimal_jenks,0.5,w295401025,1,2
CITY_K5R_dp_optimal_jenks,0.5,w295401028,1,2
CITY_K5R_dp_optimal_jenks,0.5,w295401029,1,2
CITY_K5R_dp_optimal_jenks,0.5,w295401030,1,2
CITY_K5R_dp_optimal_jenks,0.5,w295401031,1,2
CITY_K5R_dp_optimal_jenks,0.5,w295401046,1,2
CITY_K5R_dp_optimal_jenks,0.5,w295401048,1,2
CITY_K5R_dp_optimal_jenks,0.5,w295401050,1,2
CITY_K5R_dp_optimal_jenks,0.5,w295401051,1,2
CITY_K5R_dp_optimal_jenks,0.5,w295401054,1,2
CITY_K5R_dp_optimal_jenks,0.5,w295401059,1,2
CITY_K5R_dp_optimal_jenks,0.5,w295401060,1,2
CITY_K5R_dp_optimal_jenks,0.5,w295401061,1,2
CITY_K5R_dp_optimal_jenks,0.5,w295401062,1,2
CITY_K5R_dp_optimal_jenks,0.5,w295401066,1,2
CITY_K5R_dp_optimal_jenks,0.5,w295401067,1,2
CITY_K5R_dp_optimal_jenks,0.5,w295401068,1,2
CITY_K5R_dp_optimal_jenks,0.5,w295401069,1,2
CITY_K5R_dp_optimal_jenks,0.5,w295401070,1,2
CITY_K5R_dp_optimal_jenks,0.5,w295401072,1,2
CITY_K5R_dp_optimal_jenks,0.5,w295401075,1,2
CITY_K5R_dp_optimal_jenks,0.5,w295401081,1,2
CITY_K5R_dp_optimal_jenks,0.5,w295401082,1,2
CITY_K5R_dp_optimal_jenks,0.5,w295401083,1,2
CITY_K5R_dp_optimal_jenks,0.5,w295401085,1,2
CITY_K5R_dp_optimal_jenks,0.5,w295401099,1,2
CITY_K5R_dp_optimal_jenks,0.5,w295401100,1,2
CITY_K5R_dp_optimal_jenks,0.5,w295401101,1,2
CITY_K5R_dp_optimal_jenks,0.5,w295401102,1,2
CITY_K5R_dp_optimal_jenks,0.5,w295421416,1,2
CITY_K5R_dp_optimal_jenks,0.5,w295421419,1,2
CITY_K5R_dp_optimal_jenks,0.5,w295421420,1,2
CITY_K5R_dp_optimal_jenks,0.5,w295421423,1,2
CITY_K5R_dp_optimal_jenks,0.5,w295421427,1,2
CITY_K5R_dp_optimal_jenks,0.5,w295421429,1,2
CITY_K5R_dp_optimal_jenks,0.5,w295421430,1,2
CITY_K5R_dp_optimal_jenks,0.5,w295421433,1,2
CITY_K5R_dp_optimal_jenks,0.5,w295421436,1,2
CITY_K5R_dp_optimal_jenks,0.5,w295421437,1,2
CITY_K5R_dp_optimal_jenks,0.5,w295421452,1,2
CITY_K5R_dp_optimal_jenks,0.5,w295421454,1,2
CITY_K5R_dp_optimal_jenks,0.5,w295421456,1,2
CITY_K5R_dp_optimal_jenks,0.5,w295421458,1,2
CITY_K5R_dp_optimal_jenks,0.5,w295421463,1,2
CITY_K5R_dp_optimal_jenks,0.5,w295422788,1,2
CITY_K5R_dp_optimal_jenks,0.5,w295423302,1,2
CITY_K5R_dp_optimal_jenks,0.5,w295423311,1,2
CITY_K5R_dp_optimal_jenks,0.5,w295540309,1,2
CITY_K5R_dp_optimal_jenks,0.5,w295540310,1,2
CITY_K5R_dp_optimal_jenks,0.5,w295540311,1,2
CITY_K5R_dp_optimal_jenks,0.5,w295540312,1,2
CITY_K5R_dp_optimal_jenks,0.5,w295540314,1,2
CITY_K5R_dp_optimal_jenks,0.5,w295540315,1,2
CITY_K5R_dp_optimal_jenks,0.5,w295540316,1,2
CITY_K5R_dp_optimal_jenks,0.5,w295540317,1,2
CITY_K5R_dp_optimal_jenks,0.5,w295540320,1,2
CITY_K5R_dp_optimal_jenks,0.5,w295619133,1,2
CITY_K5R_dp_optimal_jenks,0.5,w295619134,1,2
CITY_K5R_dp_optimal_jenks,0.5,w295619135,1,2
CITY_K5R_dp_optimal_jenks,0.5,w295619766,1,2
CITY_K5R_dp_optimal_jenks,0.5,w295619767,1,2
CITY_K5R_dp_optimal_jenks,0.5,w295707146,1,2
CITY_K5R_dp_optimal_jenks,0.5,w295707148,1,2
CITY_K5R_dp_optimal_jenks,0.5,w295850166,1,2
CITY_K5R_dp_optimal_jenks,0.5,w295850168,1,2
CITY_K5R_dp_optimal_jenks,0.5,w295850169,1,2
CITY_K5R_dp_optimal_jenks,0.5,w295850170,1,2
CITY_K5R_dp_optimal_jenks,0.5,w295850172,1,2
CITY_K5R_dp_optimal_jenks,0.5,w295850173,1,2
CITY_K5R_dp_optimal_jenks,0.5,w299349849,1,2
CITY_K5R_dp_optimal_jenks,0.5,w301224316,1,2
CITY_K5R_dp_optimal_jenks,0.5,w301224317,1,2
CITY_K5R_dp_optimal_jenks,0.5,w301224319,1,2
CITY_K5R_dp_optimal_jenks,0.5,w301224321,1,2
CITY_K5R_dp_optimal_jenks,0.5,w301224323,1,2
CITY_K5R_dp_optimal_jenks,0.5,w301224324,1,2
CITY_K5R_dp_optimal_jenks,0.5,w301225908,1,2
CITY_K5R_dp_optimal_jenks,0.5,w301226096,1,2
CITY_K5R_dp_optimal_jenks,0.5,w301226098,1,2
CITY_K5R_dp_optimal_jenks,0.5,w301226103,1,2
CITY_K5R_dp_optimal_jenks,0.5,w301226105,1,2
CITY_K5R_dp_optimal_jenks,0.5,w301440598,1,2
CITY_K5R_dp_optimal_jenks,0.5,w301442644,1,2
CITY_K5R_dp_optimal_jenks,0.5,w301442645,1,2
CITY_K5R_dp_optimal_jenks,0.5,w301442647,1,2
CITY_K5R_dp_optimal_jenks,0.5,w301442648,1,2
CITY_K5R_dp_optimal_jenks,0.5,w301630521,1,2
CITY_K5R_dp_optimal_jenks,0.5,w301630523,1,2
CITY_K5R_dp_optimal_jenks,0.5,w301630524,1,2
CITY_K5R_dp_optimal_jenks,0.5,w301630525,1,2
CITY_K5R_dp_optimal_jenks,0.5,w301630526,1,2
CITY_K5R_dp_optimal_jenks,0.5,w301630527,1,2
CITY_K5R_dp_optimal_jenks,0.5,w301630530,1,2
CITY_K5R_dp_optimal_jenks,0.5,w301630531,1,2
CITY_K5R_dp_optimal_jenks,0.5,w302369880,5,4
CITY_K5R_dp_optimal_jenks,0.5,w302490110,1,2
CITY_K5R_dp_optimal_jenks,0.5,w306219468,3,4
CITY_K5R_dp_optimal_jenks,0.5,w306219469,3,4
CITY_K5R_dp_optimal_jenks,0.5,w306219470,3,4
CITY_K5R_dp_optimal_jenks,0.5,w306219483,3,4
CITY_K5R_dp_optimal_jenks,0.5,w306219486,3,4
CITY_K5R_dp_optimal_jenks,0.5,w306219488,3,4
CITY_K5R_dp_optimal_jenks,0.5,w315035700,3,2
CITY_K5R_dp_optimal_jenks,0.5,w315035701,3,2
CITY_K5R_dp_optimal_jenks,0.5,w315036780,3,2
CITY_K5R_dp_optimal_jenks,0.5,w315425228,5,4
CITY_K5R_dp_optimal_jenks,0.5,w315425242,5,4
CITY_K5R_dp_optimal_jenks,0.5,w315618133,5,4
CITY_K5R_dp_optimal_jenks,0.5,w315618134,5,4
CITY_K5R_dp_optimal_jenks,0.5,w315618136,5,4
CITY_K5R_dp_optimal_jenks,0.5,w315618137,5,4
CITY_K5R_dp_optimal_jenks,0.5,w315618139,5,4
CITY_K5R_dp_optimal_jenks,0.5,w315618140,5,4
CITY_K5R_dp_optimal_jenks,0.5,w315618141,5,4
CITY_K5R_dp_optimal_jenks,0.5,w315618142,5,4
CITY_K5R_dp_optimal_jenks,0.5,w315618146,5,4
CITY_K5R_dp_optimal_jenks,0.5,w315618151,5,4
CITY_K5R_dp_optimal_jenks,0.5,w315618152,5,4
CITY_K5R_dp_optimal_jenks,0.5,w315618153,5,4
CITY_K5R_dp_optimal_jenks,0.5,w315618154,5,4
CITY_K5R_dp_optimal_jenks,0.5,w315618157,5,4
CITY_K5R_dp_optimal_jenks,0.5,w315618160,5,4
CITY_K5R_dp_optimal_jenks,0.5,w315618161,5,4
CITY_K5R_dp_optimal_jenks,0.5,w315618163,5,4
CITY_K5R_dp_optimal_jenks,0.5,w315618164,5,4
CITY_K5R_dp_optimal_jenks,0.5,w315618165,5,4
CITY_K5R_dp_optimal_jenks,0.5,w315618170,5,4
CITY_K5R_dp_optimal_jenks,0.5,w315618172,5,4
CITY_K5R_dp_optimal_jenks,0.5,w315807198,5,4
CITY_K5R_dp_optimal_jenks,0.5,w315807200,5,4
CITY_K5R_dp_optimal_jenks,0.5,w315807206,5,4
CITY_K5R_dp_optimal_jenks,0.5,w315807207,5,4
CITY_K5R_dp_optimal_jenks,0.5,w315807218,5,4
CITY_K5R_dp_optimal_jenks,0.5,w315807232,5,4
CITY_K5R_dp_optimal_jenks,0.5,w315807407,5,4
CITY_K5R_dp_optimal_jenks,0.5,w315851301,5,4
CITY_K5R_dp_optimal_jenks,0.5,w315851303,5,4
CITY_K5R_dp_optimal_jenks,0.5,w315851304,5,4
CITY_K5R_dp_optimal_jenks,0.5,w315851305,5,4
CITY_K5R_dp_optimal_jenks,0.5,w315851310,5,4
CITY_K5R_dp_optimal_jenks,0.5,w315851312,5,4
CITY_K5R_dp_optimal_jenks,0.5,w315851314,5,4
CITY_K5R_dp_optimal_jenks,0.5,w315851320,5,4
CITY_K5R_dp_optimal_jenks,0.5,w315851322,5,4
CITY_K5R_dp_optimal_jenks,0.5,w315851323,5,4
CITY_K5R_dp_optimal_jenks,0.5,w315851325,5,4
CITY_K5R_dp_optimal_jenks,0.5,w315851326,5,4
CITY_K5R_dp_optimal_jenks,0.5,w315851328,5,4
CITY_K5R_dp_optimal_jenks,0.5,w316031264,5,4
CITY_K5R_dp_optimal_jenks,0.5,w316031266,5,4
CITY_K5R_dp_optimal_jenks,0.5,w316031267,5,4
CITY_K5R_dp_optimal_jenks,0.5,w316031270,5,4
CITY_K5R_dp_optimal_jenks,0.5,w316645007,5,4
CITY_K5R_dp_optimal_jenks,0.5,w316645008,5,4
CITY_K5R_dp_optimal_jenks,0.5,w316645009,5,4
CITY_K5R_dp_optimal_jenks,0.5,w316645010,5,4
CITY_K5R_dp_optimal_jenks,0.5,w316645110,5,4
CITY_K5R_dp_optimal_jenks,0.5,w316645114,5,4
CITY_K5R_dp_optimal_jenks,0.5,w316645115,5,4
CITY_K5R_dp_optimal_jenks,0.5,w316645117,5,4
CITY_K5R_dp_optimal_jenks,0.5,w316645118,5,4
CITY_K5R_dp_optimal_jenks,0.5,w316645123,5,4
CITY_K5R_dp_optimal_jenks,0.5,w316665822,5,4
CITY_K5R_dp_optimal_jenks,0.5,w316758836,5,4
CITY_K5R_dp_optimal_jenks,0.5,w316758837,5,4
CITY_K5R_dp_optimal_jenks,0.5,w317051431,5,4
CITY_K5R_dp_optimal_jenks,0.5,w317058938,3,2
CITY_K5R_dp_optimal_jenks,0.5,w317089142,3,2
CITY_K5R_dp_optimal_jenks,0.5,w317089143,3,2
CITY_K5R_dp_optimal_jenks,0.5,w317149370,5,4
CITY_K5R_dp_optimal_jenks,0.5,w317149372,5,4
CITY_K5R_dp_optimal_jenks,0.5,w317149376,5,4
CITY_K5R_dp_optimal_jenks,0.5,w318057741,3,4
CITY_K5R_dp_optimal_jenks,0.5,w318071327,3,4
CITY_K5R_dp_optimal_jenks,0.5,w318071328,3,4
CITY_K5R_dp_optimal_jenks,0.5,w318083432,5,4
CITY_K5R_dp_optimal_jenks,0.5,w318083433,5,4
CITY_K5R_dp_optimal_jenks,0.5,w318083438,5,4
CITY_K5R_dp_optimal_jenks,0.5,w318083440,5,4
CITY_K5R_dp_optimal_jenks,0.5,w318083442,5,4
CITY_K5R_dp_optimal_jenks,0.5,w318083464,5,4
CITY_K5R_dp_optimal_jenks,0.5,w318083469,5,4
CITY_K5R_dp_optimal_jenks,0.5,w318083474,5,4
CITY_K5R_dp_optimal_jenks,0.5,w318083475,5,4
CITY_K5R_dp_optimal_jenks,0.5,w318083477,5,4
CITY_K5R_dp_optimal_jenks,0.5,w318083480,5,4
CITY_K5R_dp_optimal_jenks,0.5,w318083482,5,4
CITY_K5R_dp_optimal_jenks,0.5,w318084686,5,4
CITY_K5R_dp_optimal_jenks,0.5,w318084690,5,4
CITY_K5R_dp_optimal_jenks,0.5,w318084710,5,4
CITY_K5R_dp_optimal_jenks,0.5,w318120135,5,4
CITY_K5R_dp_optimal_jenks,0.5,w318120138,5,4
CITY_K5R_dp_optimal_jenks,0.5,w318120139,5,4
CITY_K5R_dp_optimal_jenks,0.5,w318701773,3,4
CITY_K5R_dp_optimal_jenks,0.5,w318701778,3,4
CITY_K5R_dp_optimal_jenks,0.5,w318701780,3,4
CITY_K5R_dp_optimal_jenks,0.5,w318701795,3,4
CITY_K5R_dp_optimal_jenks,0.5,w319132158,5,4
CITY_K5R_dp_optimal_jenks,0.5,w319133046,5,4
CITY_K5R_dp_optimal_jenks,0.5,w319133048,5,4
CITY_K5R_dp_optimal_jenks,0.5,w319139360,3,4
CITY_K5R_dp_optimal_jenks,0.5,w319139364,3,4
CITY_K5R_dp_optimal_jenks,0.5,w319139366,3,4
CITY_K5R_dp_optimal_jenks,0.5,w319141416,3,4
CITY_K5R_dp_optimal_jenks,0.5,w319141418,3,4
CITY_K5R_dp_optimal_jenks,0.5,w319141437,3,4
CITY_K5R_dp_optimal_jenks,0.5,w319141439,3,4
CITY_K5R_dp_optimal_jenks,0.5,w319141442,3,4
CITY_K5R_dp_optimal_jenks,0.5,w319141443,3,4
CITY_K5R_dp_optimal_jenks,0.5,w319305819,3,4
CITY_K5R_dp_optimal_jenks,0.5,w319366994,5,4
CITY_K5R_dp_optimal_jenks,0.5,w319384387,3,2
CITY_K5R_dp_optimal_jenks,0.5,w319384388,3,2
CITY_K5R_dp_optimal_jenks,0.5,w319615908,3,4
CITY_K5R_dp_optimal_jenks,0.5,w320437629,5,4
CITY_K5R_dp_optimal_jenks,0.5,w320437631,5,4
CITY_K5R_dp_optimal_jenks,0.5,w320437632,5,4
CITY_K5R_dp_optimal_jenks,0.5,w320437634,5,4
CITY_K5R_dp_optimal_jenks,0.5,w320437636,5,4
CITY_K5R_dp_optimal_jenks,0.5,w320437637,5,4
CITY_K5R_dp_optimal_jenks,0.5,w323694276,3,2
CITY_K5R_dp_optimal_jenks,0.5,w323694277,3,2
CITY_K5R_dp_optimal_jenks,0.5,w340414535,3,2
CITY_K5R_dp_optimal_jenks,0.5,w340414537,3,2
CITY_K5R_dp_optimal_jenks,0.5,w340414542,3,2
CITY_K5R_dp_optimal_jenks,0.5,w340414544,3,2
CITY_K5R_dp_optimal_jenks,0.5,w351684270,1,2
CITY_K5R_dp_optimal_jenks,0.5,w351855709,3,4
CITY_K5R_dp_optimal_jenks,0.5,w351855710,3,4
CITY_K5R_dp_optimal_jenks,0.5,w352148088,3,4
CITY_K5R_dp_optimal_jenks,0.5,w352149226,5,4
CITY_K5R_dp_optimal_jenks,0.5,w352152757,5,4
CITY_K5R_dp_optimal_jenks,0.5,w352306070,3,2
CITY_K5R_dp_optimal_jenks,0.5,w352306780,3,2
CITY_K5R_dp_optimal_jenks,0.5,w352306787,3,2
CITY_K5R_dp_optimal_jenks,0.5,w352306788,3,2
CITY_K5R_dp_optimal_jenks,0.5,w352306789,3,2
CITY_K5R_dp_optimal_jenks,0.5,w352306790,3,2
CITY_K5R_dp_optimal_jenks,0.5,w352306791,3,2
CITY_K5R_dp_optimal_jenks,0.5,w352306792,3,2
CITY_K5R_dp_optimal_jenks,0.5,w352307860,3,2
CITY_K5R_dp_optimal_jenks,0.5,w352307861,3,2
CITY_K5R_dp_optimal_jenks,0.5,w352307862,3,2
CITY_K5R_dp_optimal_jenks,0.5,w352307863,3,2
CITY_K5R_dp_optimal_jenks,0.5,w352307864,3,2
CITY_K5R_dp_optimal_jenks,0.5,w352307865,3,2
CITY_K5R_dp_optimal_jenks,0.5,w352307867,3,2
CITY_K5R_dp_optimal_jenks,0.5,w352685623,1,2
CITY_K5R_dp_optimal_jenks,0.5,w354300756,3,2
CITY_K5R_dp_optimal_jenks,0.5,w354300759,3,2
CITY_K5R_dp_optimal_jenks,0.5,w354300763,3,2
CITY_K5R_dp_optimal_jenks,0.5,w354300764,3,2
CITY_K5R_dp_optimal_jenks,0.5,w354626503,3,2
CITY_K5R_dp_optimal_jenks,0.5,w354639224,1,2
CITY_K5R_dp_optimal_jenks,0.5,w399048969,3,4
CITY_K5R_dp_optimal_jenks,0.5,w400824556,3,4
CITY_K5R_dp_optimal_jenks,0.5,w404770759,3,4
CITY_K5R_dp_optimal_jenks,0.5,w404772337,3,4
CITY_K5R_dp_optimal_jenks,0.5,w404772338,3,4
CITY_K5R_dp_optimal_jenks,0.5,w404772345,3,4
CITY_K5R_dp_optimal_jenks,0.5,w404772346,3,4
CITY_K5R_dp_optimal_jenks,0.5,w404772347,3,4
CITY_K5R_dp_optimal_jenks,0.5,w404772349,3,4
CITY_K5R_dp_optimal_jenks,0.5,w404772350,3,4
CITY_K5R_dp_optimal_jenks,0.5,w404772351,3,4
CITY_K5R_dp_optimal_jenks,0.5,w404772358,3,4
CITY_K5R_dp_optimal_jenks,0.5,w404772360,3,4
CITY_K5R_dp_optimal_jenks,0.5,w404774408,3,4
CITY_K5R_dp_optimal_jenks,0.5,w404774415,3,4
CITY_K5R_dp_optimal_jenks,0.5,w404774416,3,4
CITY_K5R_dp_optimal_jenks,0.5,w404774417,3,4
CITY_K5R_dp_optimal_jenks,0.5,w404776044,3,4
CITY_K5R_dp_optimal_jenks,0.5,w404791984,3,4
CITY_K5R_dp_optimal_jenks,0.5,w404791985,3,4
CITY_K5R_dp_optimal_jenks,0.5,w404798005,3,4
CITY_K5R_dp_optimal_jenks,0.5,w404798009,3,4
CITY_K5R_dp_optimal_jenks,0.5,w404798021,3,4
CITY_K5R_dp_optimal_jenks,0.5,w404798026,3,4
CITY_K5R_dp_optimal_jenks,0.5,w405093285,3,4
CITY_K5R_dp_optimal_jenks,0.5,w405093288,3,4
CITY_K5R_dp_optimal_jenks,0.5,w405093289,3,4
CITY_K5R_dp_optimal_jenks,0.5,w405093290,3,4
CITY_K5R_dp_optimal_jenks,0.5,w405169684,3,4
CITY_K5R_dp_optimal_jenks,0.5,w405169685,3,4
CITY_K5R_dp_optimal_jenks,0.5,w405169691,3,2
CITY_K5R_dp_optimal_jenks,0.5,w405169693,3,2
CITY_K5R_dp_optimal_jenks,0.5,w405169694,3,2
CITY_K5R_dp_optimal_jenks,0.5,w405169697,3,2
CITY_K5R_dp_optimal_jenks,0.5,w406631293,3,2
CITY_K5R_dp_optimal_jenks,0.5,w406631300,3,4
CITY_K5R_dp_optimal_jenks,0.5,w406631301,3,4
CITY_K5R_dp_optimal_jenks,0.5,w406637929,3,4
CITY_K5R_dp_optimal_jenks,0.5,w407354361,5,4
CITY_K5R_dp_optimal_jenks,0.5,w407354362,5,4
CITY_K5R_dp_optimal_jenks,0.5,w407354364,5,4
CITY_K5R_dp_optimal_jenks,0.5,w407354366,5,4
CITY_K5R_dp_optimal_jenks,0.5,w407354369,5,4
CITY_K5R_dp_optimal_jenks,0.5,w407354372,5,4
CITY_K5R_dp_optimal_jenks,0.5,w407354375,5,4
CITY_K5R_dp_optimal_jenks,0.5,w407354379,5,4
CITY_K5R_dp_optimal_jenks,0.5,w408595946,3,4
CITY_K5R_dp_optimal_jenks,0.5,w410946402,3,4
CITY_K5R_dp_optimal_jenks,0.5,w414674677,3,4
CITY_K5R_dp_optimal_jenks,0.5,w414674684,3,4
CITY_K5R_dp_optimal_jenks,0.5,w414674698,3,4
CITY_K5R_dp_optimal_jenks,0.5,w415723868,1,2
CITY_K5R_dp_optimal_jenks,0.5,w41852211,1,2
CITY_K5R_dp_optimal_jenks,0.5,w41852297,1,2
CITY_K5R_dp_optimal_jenks,0.5,w428778441,3,2
CITY_K5R_dp_optimal_jenks,0.5,w47475158,3,2
CITY_K5R_dp_optimal_jenks,0.5,w531651450,3,2
CITY_K5R_dp_optimal_jenks,0.5,w531651451,3,2
CITY_K5R_dp_optimal_jenks,0.5,w531651452,3,2
CITY_K5R_dp_optimal_jenks,0.5,w531651455,3,2
CITY_K5R_dp_optimal_jenks,0.5,w644316162,5,4
CITY_K5R_dp_optimal_jenks,0.5,w644905610,1,2
CITY_K5R_dp_optimal_jenks,0.5,w87499740,3,4
CITY_K5R_dp_optimal_jenks,0.5,w91847060,5,4
CITY_K5R_dp_optimal_jenks,0.5,w91847068,5,4
CITY_K5R_dp_optimal_jenks,0.5,w91847069,5,4
CITY_K5R_dp_optimal_jenks,0.5,w91847072,5,4
CITY_K5R_dp_optimal_jenks,0.5,w91847096,5,4
CITY_K5R_dp_optimal_jenks,0.5,w91847115,5,4
