settlement_ru,district_ru,street_ru,confirmed_houses,unaddressed_objects,zones,split_street,service_status,disputed_addresses,owner_review_objects
Бендеры,,1-й Братский переулок,5,22,2,False,standard,0,0
Бендеры,,1-й Измаильский переулок,39,12,3,False,standard,0,0
Бендеры,,1-й переулок Петровского,8,6,2,False,standard,0,0
Бендеры,,2-й Береговой переулок,3,4,1,False,standard,0,0
Бендеры,,2-й Братский переулок,8,13,2,False,standard,0,0
Бендеры,,2-й Измаильский переулок,17,4,3,False,standard,0,0
Бендеры,,2-й переулок Петровского,6,9,2,False,standard,0,0
Бендеры,,3-й Индустриальный переулок,8,2,3,False,standard,0,0
Бендеры,,4-й Береговой переулок,5,6,1,False,standard,0,0
Бендеры,,Безымянный переулок,7,4,3|4,True,standard,0,0
Бендеры,,Бельцкая улица,46,36,2|3|4,True,standard,2,2
Бендеры,,Братская улица,9,17,2,False,standard,0,0
Бендеры,,Варницкий переулок,7,4,3,False,standard,0,0
Бендеры,,Варницкий тупик,5,12,3,False,standard,0,0
Бендеры,,Восточная улица,8,5,3,False,standard,0,0
Бендеры,,Восточный переулок,8,3,3,False,standard,0,0
Бендеры,,Гвардейская улица,20,7,3,False,standard,0,0
Бендеры,,Гербовецкая улица,18,12,3|4,True,standard,0,0
Бендеры,,Главная улица,2,5,3,False,standard,0,0
Бендеры,,Глинная улица,5,4,3,False,standard,0,0
Бендеры,,Дачная улица,6,2,3,False,standard,0,0
Бендеры,,Деповская улица,1,28,4,False,standard,0,0
Бендеры,,Донецкая улица,30,11,2,False,standard,0,0
Бендеры,,Дубоссарская улица,26,21,2,False,standard,0,0
Бендеры,,Железнодорожная улица,74,42,3,False,standard,4,4
Бендеры,,Железнодорожный тупик,4,8,3,False,standard,0,0
Бендеры,,Загородная улица,49,21,2,False,standard,1,1
Бендеры,,Индустриальная улица,57,69,2|3,True,standard,7,7
Бендеры,,Кагульская улица,7,4,3|4,True,standard,0,0
Бендеры,,Карпатская улица,4,4,1,False,standard,0,0
Бендеры,,Каховская улица,23,5,3,False,standard,0,0
Бендеры,,Каховский тупик,10,9,3,False,standard,0,0
Бендеры,,Киевская улица,31,14,3,False,standard,4,4
Бендеры,,Киркаештская улица,10,5,3,False,standard,0,0
Бендеры,,Кирпичная улица,29,16,1|2,True,standard,0,0
Бендеры,,Кирпичный переулок,6,12,2,False,standard,0,0
Бендеры,,Кицканская улица,1,12,3,False,standard,0,0
Бендеры,,Кицканский переулок,16,20,2|3,True,standard,0,0
Бендеры,,Кишинёвская улица,23,42,2|4,True,standard,0,0
Бендеры,,Кишинёвский переулок,3,9,4,False,standard,0,0
Бендеры,,Кишинёвский тупик,10,12,2|3,True,standard,0,0
Бендеры,,Колодезная улица,12,9,1|2,True,standard,0,0
Бендеры,,Колодезный переулок,17,13,1|2,True,standard,0,0
Бендеры,,Коммунистическая улица,141,133,1|2|3,True,standard,4,4
Бендеры,,Комсомольская улица,72,84,1,False,standard,13,13
Бендеры,,Кооперативный тупик,2,6,2,False,standard,0,0
Бендеры,,Красноармейская улица,21,5,3,False,standard,0,0
Бендеры,,Красноармейский переулок,14,6,3,False,standard,0,0
Бендеры,,Ленинградская улица,26,27,2|3,True,standard,1,1
Бендеры,,Лесовой переулок,6,2,4,False,standard,0,0
Бендеры,,Мельничный переулок,3,3,1,False,standard,0,0
Бендеры,,Молдавская улица,25,28,1,False,standard,3,3
Бендеры,,Молодёжная улица,9,12,3,False,standard,0,0
Бендеры,,Московская улица,52,57,1,False,standard,6,6
Бендеры,,Новый проезд,9,39,3|4,True,standard,0,0
Бендеры,,Одесская улица,15,4,2|3|4,True,standard,0,0
Бендеры,,Октябрьская улица,18,9,1|2,True,standard,1,1
Бендеры,,Оргеевский переулок,13,13,1,False,standard,0,0
Бендеры,,Первомайская улица,121,70,1|2,True,standard,12,12
Бендеры,,Первомайский переулок,18,22,1,False,standard,0,0
Бендеры,,Песчанная улица,50,39,1|2,True,standard,0,0
Бендеры,,Песчанный переулок,9,11,1|2,True,standard,0,0
Бендеры,,Пивоваренный переулок,6,9,1,False,standard,0,0
Бендеры,,Пионерская улица,19,13,4,False,standard,0,0
Бендеры,,Пионерский переулок,1,0,4,False,standard,0,0
Бендеры,,Почтовый переулок,12,28,1,False,standard,0,0
Бендеры,,Протягайловская улица,17,45,2|3,True,standard,0,0
Бендеры,,Путейская улица,19,11,2|3,True,standard,1,1
Бендеры,,Рыбницкая улица,25,19,1,False,standard,0,0
Бендеры,,Рыбницкий переулок,11,13,1|2,True,standard,0,0
Бендеры,,Садовая улица,94,61,1|2,True,standard,2,2
Бендеры,,Садовый переулок,22,4,1,False,standard,0,0
Бендеры,,Санаторная улица,6,5,3|4,True,low_density,0,0
Бендеры,,Севастопольская улица,11,12,3,False,standard,1,1
Бендеры,,Советская улица,54,58,1,False,standard,1,1
Бендеры,,Спортивная улица,6,3,2,False,standard,0,0
Бендеры,,Тираспольская улица,16,45,1,False,standard,4,4
Бендеры,,Треугольный переулок,11,6,3,False,standard,0,0
Бендеры,,Украинская улица,6,11,1,False,standard,0,0
Бендеры,,Фонтанная улица,13,47,4,False,standard,0,0
Бендеры,,Фруктовая улица,26,8,2,False,standard,0,0
Бендеры,,Херсонская улица,26,68,1,False,standard,0,0
Бендеры,,Херсонский проезд,3,5,1,False,standard,0,0
Бендеры,,Хотинская улица,16,7,2|3,True,standard,0,0
Бендеры,,Школьная улица,21,15,3,False,standard,0,0
Бендеры,,Школьный переулок,20,10,2,False,standard,1,1
Бендеры,,Южная улица,51,18,3,False,standard,2,2
Бендеры,,переулок 28 Июня,3,18,2,False,standard,0,0
Бендеры,,переулок 5 Декабря,7,5,2,False,standard,0,0
Бендеры,,переулок Баумана,8,5,2,False,standard,0,0
Бендеры,,переулок Бородина,9,10,3,False,standard,0,0
Бендеры,,переулок Емилиана Букова,4,1,3,False,standard,0,0
Бендеры,,переулок Калинина,8,0,1,False,standard,0,0
Бендеры,,переулок Лермонтова,27,27,3,False,standard,1,1
Бендеры,,переулок Менделеева,6,1,2,False,standard,0,0
Бендеры,,переулок Мира,2,6,4,False,standard,0,0
Бендеры,,переулок Мичурина,11,0,2,False,standard,0,0
Бендеры,,переулок Некрасова,40,28,2,False,standard,0,0
Бендеры,,переулок Осипенко,11,5,4,False,standard,0,0
Бендеры,,переулок Павлова,4,3,2,False,standard,0,0
Бендеры,,переулок Пирогова,11,3,2,False,standard,0,0
Бендеры,,переулок Полоза,4,1,4,False,standard,0,0
Бендеры,,переулок Разина,9,5,1,False,standard,0,0
Бендеры,,переулок Строителей,19,12,3,False,standard,1,1
Бендеры,,переулок Суворова,26,36,1,False,standard,3,3
Бендеры,,переулок Текстильщиков,8,5,3,False,standard,0,0
Бендеры,,площадь Освобождения,13,16,1,False,standard,0,0
Бендеры,,тупик Некрасова,14,9,2,False,standard,0,0
Бендеры,,тупик Пирогова,0,5,,False,standard,0,0
Бендеры,,улица 12 Октября,56,55,3|4,True,standard,2,2
Бендеры,,улица 23 Августа,14,5,3,False,standard,0,0
Бендеры,,улица 28 Июня,20,18,2,False,standard,0,0
Бендеры,,улица 40 лет ВЛКСМ,9,2,3|4,True,standard,0,0
Бендеры,,улица 40 лет Победы,49,25,2|3,True,standard,1,1
Бендеры,,улица 40 лет Советской Пионерии,20,30,3,False,standard,0,0
Бендеры,,улица 5 Декабря,28,9,2,False,standard,0,0
Бендеры,,улица 50 лет ВЛКСМ,21,16,3|4,True,standard,2,2
Бендеры,,улица 7 Ноября,24,13,2,False,standard,0,0
Бендеры,,улица Академика Фёдорова,11,23,1,False,standard,1,1
Бендеры,,улица Асаке,25,45,2,False,standard,0,0
Бендеры,,улица Баумана,5,20,2,False,standard,0,0
Бендеры,,улица Богдана Хмельницкого,13,25,4,False,standard,2,2
Бендеры,,улица Бориса Главана,34,52,3,False,standard,4,4
Бендеры,,улица Бородина,16,14,3,False,standard,0,0
Бендеры,,улица Гагарина,35,31,1,False,standard,3,3
Бендеры,,улица Гастелло,21,4,2|3,True,standard,0,0
Бендеры,,улица Георге Асаке,31,10,2,False,standard,0,0
Бендеры,,улица Герцена,7,30,4,False,standard,0,0
Бендеры,,улица Глядковской,13,31,2|3,True,standard,0,0
Бендеры,,улица Гоголя,60,34,3|4,True,standard,0,0
Бендеры,,улица Горького,15,20,1,False,standard,0,0
Бендеры,,улица Дзержинского,52,95,1,False,standard,2,2
Бендеры,,улица Димитрова,25,7,2,False,standard,0,0
Бендеры,,улица Добродеева,33,28,3,False,standard,0,0
Бендеры,,улица Дружбы,2,4,2,False,standard,0,0
Бендеры,,улица Емилиана Букова,41,16,3,False,standard,0,0
Бендеры,,улица Зои Космодемьянской,27,26,2|3,True,standard,2,2
Бендеры,,улица Ивана Федько,26,35,2|3,True,standard,0,0
Бендеры,,улица Ивана Шимкова,44,36,3|4,True,standard,0,0
Бендеры,,улица Интернационалистов,15,12,4,False,standard,0,0
Бендеры,,улица Кавриаго,90,73,1,False,standard,3,3
Бендеры,,улица Калашникова,49,48,3|4,True,standard,0,0
Бендеры,,улица Калинина,71,62,1,False,standard,3,3
Бендеры,,улица Карбышева,45,22,1|2,True,standard,0,0
Бендеры,,улица Кирова,86,76,1,False,standard,4,4
Бендеры,,улица Клары Цеткин,14,25,2,False,standard,1,1
Бендеры,,улица Космонавтов,10,5,2,False,standard,11,11
Бендеры,,улица Кошевого,16,5,4,False,standard,0,0
Бендеры,,улица Крупской,5,0,3,False,standard,0,0
Бендеры,,улица Крянгэ,18,12,3|4,True,standard,0,0
Бендеры,,улица Куйбышева,46,35,3,False,standard,2,2
Бендеры,,улица Курило,11,2,3,False,standard,0,0
Бендеры,,улица Ленина,30,19,1,False,standard,2,2
Бендеры,,улица Лермонтова,34,57,3|4,True,standard,0,0
Бендеры,,улица Ломоносова,32,12,3|4,True,standard,0,0
Бендеры,,улица Луначарского,12,3,3|4,True,standard,0,0
Бендеры,,улица Матросова,38,22,3|4,True,standard,0,0
Бендеры,,улица Мацнева,7,1,3,False,standard,0,0
Бендеры,,улица Маяковского,60,34,1,False,standard,1,1
Бендеры,,улица Менделеева,21,6,2,False,standard,1,1
Бендеры,,улица Мира,34,25,2,False,standard,0,0
Бендеры,,улица Мичурина,29,15,2,False,standard,7,7
Бендеры,,улица Некрасова,108,88,1|2,True,standard,0,0
Бендеры,,улица Няги,19,18,1,False,standard,2,2
Бендеры,,улица Осипенко,34,19,3|4,True,standard,1,1
Бендеры,,улица Островского,7,7,3,False,standard,0,0
Бендеры,,улица Павлика Морозова,16,12,4,False,standard,0,0
Бендеры,,улица Павлова,26,2,2,False,standard,0,0
Бендеры,,улица Панфилова,9,16,4,False,standard,4,4
Бендеры,,улица Петровского,30,24,2,False,standard,2,2
Бендеры,,улица Пирогова,20,5,2,False,standard,0,0
Бендеры,,улица Победы,14,7,2|3,True,standard,0,0
Бендеры,,улица Ползунова,64,45,3,False,standard,0,0
Бендеры,,улица Полоза,18,6,3|4,True,standard,1,1
Бендеры,,улица Правды,27,17,2,False,standard,0,0
Бендеры,,улица Пугачёва,11,2,3|4,True,standard,0,0
Бендеры,,улица Пушкина,50,65,1,False,standard,0,0
Бендеры,,улица Разина,41,12,1|2,True,standard,0,0
Бендеры,,улица Сергея Лазо,29,40,1,False,standard,2,2
Бендеры,,улица Сергея Ревенялэ,11,22,3,False,standard,0,0
Бендеры,,улица Советской Армии,22,14,2,False,standard,0,0
Бендеры,,улица Спартака,28,26,3,False,standard,1,1
Бендеры,,улица Старого,29,23,3,False,standard,0,0
Бендеры,,улица Строителей,12,5,3,False,standard,0,0
Бендеры,,улица Тамары Кручок,87,54,1|2|3,True,standard,0,0
Бендеры,,улица Тельмана,13,4,2,False,standard,0,0
Бендеры,,улица Тимирязева,17,14,3|4,True,standard,0,0
Бендеры,,улица Титова,57,81,2|3,True,standard,7,7
Бендеры,,улица Ткаченко,97,57,1,False,standard,0,0
Бендеры,,улица Толбухина,17,20,1|2,True,standard,2,2
Бендеры,,улица Толстого,17,7,3,False,standard,0,0
Бендеры,,улица Тургенева,15,13,3,False,standard,1,1
Бендеры,,улица Урицкого,17,8,2,False,standard,0,0
Бендеры,,улица Франко,3,0,2,False,standard,0,0
Бендеры,,улица Фрунзе,9,3,2,False,standard,0,0
Бендеры,,улица Халтурина,8,20,3,False,standard,0,0
Бендеры,,улица Чайковского,8,5,3,False,standard,0,0
Бендеры,,улица Чапаева,31,25,1|2,True,standard,0,0
Бендеры,,улица Чернышевского,4,7,3,False,standard,0,0
Бендеры,,улица Чехова,15,6,3,False,standard,3,3
Бендеры,,улица Чкалова,10,1,2,False,standard,0,0
Бендеры,,улица Шевченко,52,25,1,False,standard,2,2
Бендеры,,улица Шестакова,83,65,1,False,standard,3,3
Бендеры,,улица Щорса,24,20,1,False,standard,2,2
Бендеры,Липканы,1-й переулок Кутузова,18,19,2|3,True,standard,0,0
Бендеры,Липканы,2-й переулок Кутузова,11,8,2,False,standard,1,1
Бендеры,Липканы,Колхозная улица,33,16,2,False,standard,2,2
Бендеры,Липканы,Колхозный переулок,13,13,2,False,standard,0,0
Бендеры,Липканы,Красивая улица,13,5,2,False,standard,1,1
Бендеры,Липканы,Парканская улица,15,11,2,False,standard,1,1
Бендеры,Липканы,Пограничный переулок,8,15,2,False,standard,0,0
Бендеры,Липканы,Подольская улица,6,21,2,False,standard,1,1
Бендеры,Липканы,Подольский переулок,13,9,2,False,standard,0,0
Бендеры,Липканы,переулок Грибоедова,2,3,2,False,standard,0,0
Бендеры,Липканы,переулок Иона Солтыса,7,5,2,False,standard,0,0
Бендеры,Липканы,переулок Энгельса,3,11,2,False,standard,0,0
Бендеры,Липканы,улица Гайдара,10,4,2,False,standard,0,0
Бендеры,Липканы,улица Иона Солтыса,16,7,2,False,standard,0,0
Бендеры,Липканы,улица Кутузова,28,28,2|3,True,standard,0,0
Бендеры,Липканы,улица Титова,5,12,2,False,standard,0,0
Бендеры,Липканы,улица Шмидта,21,12,2,False,standard,0,0
Бендеры,Липканы,улица Энгельса,33,20,2,False,standard,0,0
Бендеры,Северный,Strada Academician Iacob Bumbu,0,1,,False,standard,0,1
Бендеры,Северный,Strada Dimitrie Cantemir,1,0,4,False,standard,0,1
Бендеры,Северный,Strada Tighina,6,0,4,False,standard,0,6
Бендеры,Северный,Северная улица,0,21,,False,standard,0,21
Гиска,,Госпитальная улица,24,164,4,False,standard,0,0
Гиска,,Заречная улица,1,46,4,False,standard,0,0
Гиска,,Молодёжная улица,7,76,4,False,standard,0,0
Гиска,,Октябрьская улица,6,35,4,False,standard,0,0
Гиска,,Октябрьский переулок,2,6,4,False,standard,0,0
Гиска,,Первомайская улица,6,15,3,False,standard,0,0
Гиска,,Приднестровская улица,1,11,3,False,standard,0,0
Гиска,,Садовая улица,12,65,4,False,standard,2,2
Гиска,,Студенческая улица,7,14,3,False,standard,0,0
Гиска,,Театральная улица,17,21,4,False,standard,0,0
Гиска,,Учительская улица,12,36,4,False,standard,0,0
Гиска,,Школьная улица,17,45,4,False,standard,0,0
Гиска,,Школьный переулок,8,33,4,False,standard,1,1
Гиска,,переулок Мира,4,4,4,False,standard,0,0
Гиска,,переулок Суворова,6,28,3|4,True,standard,0,0
Гиска,,улица 40 лет МССР,10,13,3,False,standard,0,0
Гиска,,улица 60 лет Октября,7,61,4,False,standard,0,0
Гиска,,улица Бориса Главана,8,37,4,False,standard,0,0
Гиска,,улица Гагарина,13,78,4,False,standard,0,0
Гиска,,улица Гоголя,6,56,3|4,True,standard,0,0
Гиска,,улица Интернационалистов,2,8,3,False,standard,0,0
Гиска,,улица Кирова,37,30,3,False,standard,1,1
Гиска,,улица Курило,4,26,4,False,standard,0,0
Гиска,,улица Ленина,76,521,3|4,True,standard,2,2
Гиска,,улица Мира,42,133,3|4,True,standard,4,4
Гиска,,улица Мичурина,10,41,4,False,standard,0,0
Гиска,,улица Победы,18,140,4,False,standard,0,0
Гиска,,улица Суворова,46,83,2|3|4,True,standard,6,6
Гиска,,улица Ткаченко,6,45,4,False,standard,0,0
Парканы,,Заводская улица,3,8,4,False,low_density,0,0
Парканы,,Коммунистическая улица,38,69,3,False,standard,0,0
Парканы,,Комсомольская улица,160,265,2|3,True,standard,4,4
Парканы,,Красный переулок,16,23,3,False,standard,0,0
Парканы,,Молодёжная улица,126,101,4,False,standard,0,0
Парканы,,Пионерская улица,27,75,3,False,standard,0,0
Парканы,,Садовая улица,121,180,2|3,True,standard,0,0
Парканы,,Светлая улица,1,6,4,False,low_density,0,0
Парканы,,Солнечная улица,0,24,,False,standard,0,0
Парканы,,Степная улица,48,14,4,False,standard,0,0
Парканы,,улица Анатолия Макалича,0,37,,False,standard,0,0
Парканы,,улица Благоева,49,150,2|3,True,standard,21,21
Парканы,,улица Будённого,16,31,3|4,True,standard,1,1
Парканы,,улица Ворошилова,159,265,2|3|4,True,standard,3,3
Парканы,,улица Гагарина,44,62,3,False,standard,0,0
Парканы,,улица Гоголя,41,100,2|3,True,standard,4,4
Парканы,,улица Горького,180,232,3|4,True,standard,0,0
Парканы,,улица Димитрова,29,80,2,False,standard,0,0
Парканы,,улица Дружбы,17,9,4,False,standard,0,0
Парканы,,улица Калинина,23,40,3,False,standard,1,1
Парканы,,улица Карла Маркса,318,409,3|4,True,standard,3,3
Парканы,,улица Кирова,102,131,3|4,True,standard,0,0
Парканы,,улица Ковалёва,14,31,4,False,standard,0,0
Парканы,,улица Котовского,221,257,2|3,True,standard,4,4
Парканы,,улица Ленина,148,269,2|3|4,True,standard,3,3
Парканы,,улица Маяковского,27,57,3|4,True,standard,0,0
Парканы,,улица Мичурина,199,100,3|4,True,standard,0,0
Парканы,,улица Петра Николаева,307,253,3|4,True,standard,30,30
Парканы,,улица Пушкина,109,159,2|3,True,standard,0,0
Парканы,,улица Романенко,186,89,3|4,True,standard,0,0
Парканы,,улица Русакова,83,131,3|4,True,standard,0,0
Парканы,,улица Свердлова,117,3,4,False,standard,0,0
Парканы,,улица Сергея Лазо,69,93,2|3,True,standard,11,11
Парканы,,улица Суворова,174,210,3|4,True,standard,0,0
Парканы,,улица Фрунзе,135,101,3|4,True,standard,4,4
Парканы,,улица Чапаева,188,259,3|4,True,standard,3,3
Парканы,,улица Чехова,53,74,2|3,True,standard,2,2
Парканы,,улица Чкалова,97,136,3,False,standard,5,5
Парканы,,улица Шевченко,40,87,2|3,True,standard,3,3
Парканы,,улица Энгельса,87,147,3,False,standard,0,0
Протягайловка,,Банный переулок,5,16,4,False,standard,0,0
Протягайловка,,Гербовецкая улица,53,201,4,False,standard,0,0
Протягайловка,,Гербовецкий переулок,12,4,4,False,standard,0,0
Протягайловка,,Главная улица,41,362,3|4,True,standard,2,2
Протягайловка,,Главный переулок,7,4,4,False,standard,0,0
Протягайловка,,Комсомольская улица,16,78,3|4,True,standard,0,0
Протягайловка,,Комсомольский переулок,7,25,4,False,standard,0,0
Протягайловка,,Лесовая улица,13,118,4,False,standard,0,0
Протягайловка,,Луговая улица,16,6,4,False,standard,0,0
Протягайловка,,Мирная улица,1,2,4,False,standard,0,0
Протягайловка,,Молодёжная улица,3,8,4,False,standard,0,0
Протягайловка,,Молодёжный переулок,7,6,4,False,standard,0,0
Протягайловка,,Первомайская улица,55,158,4,False,standard,5,5
Протягайловка,,Первомайский переулок,13,15,4,False,standard,0,0
Протягайловка,,Полевой переулок,3,12,4,False,standard,0,0
Протягайловка,,Садовая улица,19,33,4,False,standard,2,2
Протягайловка,,Санаторная улица,24,4,3|4,True,standard,0,0
Протягайловка,,Славянская улица,1,29,4,False,standard,0,0
Протягайловка,,Совхозная улица,12,63,4,False,standard,0,0
Протягайловка,,переулок Куйбышева,6,6,3,False,standard,0,0
Протягайловка,,улица 50 лет Победы,31,9,4,False,standard,0,0
Протягайловка,,улица Академика Берга,19,18,4,False,standard,0,0
Протягайловка,,улица Алеку Руссо,36,12,4,False,standard,0,0
Протягайловка,,улица Космонавтов,10,41,4,False,standard,0,0
Протягайловка,,улица Мира,39,19,3|4,True,standard,0,0
Протягайловка,,улица Мунтяна,43,96,4,False,standard,0,0
Протягайловка,,улица Николая Белана,5,13,4,False,standard,0,0
Протягайловка,,улица Серикова,0,11,,False,standard,0,0
Протягайловка,,улица Штефан чел Маре,16,10,4,False,standard,0,0
