car_way_id,car_name,car_highway,rail_way_id,classification,car_access,car_motor_vehicle,car_bridge,car_tunnel,car_layer,lon,lat
28796004,Кишинёв-Тирасполь,primary,856797214,BRIDGE,,,yes,,2,29.476785,46.840552
28796004,Кишинёв-Тирасполь,primary,856618467,BRIDGE,,,yes,,2,29.477205,46.840652
28796004,Кишинёв-Тирасполь,primary,856586330,BRIDGE,,,yes,,2,29.477139,46.840636
28796004,Кишинёв-Тирасполь,primary,856618466,BRIDGE,,,yes,,2,29.477297,46.840674
28796004,Кишинёв-Тирасполь,primary,856613151,BRIDGE,,,yes,,2,29.477076,46.840621
28796004,Кишинёв-Тирасполь,primary,856613150,BRIDGE,,,yes,,2,29.477009,46.840605
28796004,Кишинёв-Тирасполь,primary,1091323520,BRIDGE,,,yes,,2,29.476942,46.840589
28796004,Кишинёв-Тирасполь,primary,856806124,BRIDGE,,,yes,,2,29.47679,46.840553
28796004,Кишинёв-Тирасполь,primary,856595315,BRIDGE,,,yes,,2,29.476875,46.840573
28796008,Кишинёв-Тирасполь,primary,1323965452,BRIDGE,,,yes,,2,29.486314,46.832433
28796008,Кишинёв-Тирасполь,primary,115331451,BRIDGE,,,yes,,2,29.486314,46.832436
38633099,,primary,793066072,BRIDGE,,,yes,,1,29.488078,46.832453
38633117,,primary,856618467,BRIDGE,,,yes,,2,29.47713,46.840826
38633117,,primary,856586330,BRIDGE,,,yes,,2,29.477063,46.840813
38633117,,primary,856618466,BRIDGE,,,yes,,2,29.477222,46.840843
38633117,,primary,856613151,BRIDGE,,,yes,,2,29.476998,46.8408
38633117,,primary,856613150,BRIDGE,,,yes,,2,29.476929,46.840787
38633117,,primary,1091323520,BRIDGE,,,yes,,2,29.47686,46.840774
38633117,,primary,856806124,BRIDGE,,,yes,,2,29.476704,46.840744
38633117,,primary,856595315,BRIDGE,,,yes,,2,29.476794,46.840761
41851868,,service,857052728,LEVEL_CROSSING,,,,,,29.476648,46.831719
41851868,,service,857709882,LEVEL_CROSSING,,,,,,29.476641,46.831767
63221762,Коммунистическая улица,secondary,861248129,TUNNEL,,,,,,29.469453,46.809264
63221762,Коммунистическая улица,secondary,50737788,TUNNEL,,,,,,29.469413,46.809227
63221762,Коммунистическая улица,secondary,47475965,TUNNEL,,,,,,29.469525,46.809329
87506328,Индустриальная улица,tertiary,41749652,LEVEL_CROSSING,,,,,,29.478385,46.790135
115331435,,primary,857688720,BRIDGE,,,yes,,2,29.479186,46.801747
115331435,,primary,857688719,BRIDGE,,,yes,,2,29.479169,46.801709
115331505,,service,857688722,LEVEL_CROSSING,,,,,,29.479749,46.798335
115331526,,primary,41749652,LEVEL_CROSSING,,,,,,29.477855,46.800876
115331526,,primary,47475956,LEVEL_CROSSING,,,,,,29.477976,46.80092
115331526,,primary,857688722,LEVEL_CROSSING,,,,,,29.478357,46.80105
205450434,Индустриальная улица,secondary,857692883,LEVEL_CROSSING,,,,,,29.488301,46.797992
205450434,Индустриальная улица,secondary,857688722,LEVEL_CROSSING,,,,,,29.488297,46.798002
223694600,переулок Энгельса,residential,856663124,LEVEL_CROSSING,,,,,,29.477383,46.847858
224953397,Деповская улица,residential,481865888,LEVEL_CROSSING,,,,,,29.468688,46.828514
224953397,Деповская улица,residential,857405908,UNKNOWN_OWNER_REVIEW,,,,,,29.470895,46.830011
224958052,Деповская улица,residential,857405910,UNKNOWN_OWNER_REVIEW,,,,,,29.470374,46.82671
224958052,Деповская улица,residential,481865888,LEVEL_CROSSING,,,,,,29.472668,46.830529
295546158,,service,857697999,LEVEL_CROSSING,,,,,,29.479963,46.791875
305235655,,service,857688719,LEVEL_CROSSING,,,,,,29.480439,46.800675
318126158,,service,857443563,BROKEN_CONNECTIVITY,no,,,,,29.466043,46.821309
318126158,,service,857443565,BROKEN_CONNECTIVITY,no,,,,,29.466118,46.821349
318126158,,service,723062100,BROKEN_CONNECTIVITY,no,,,,,29.465376,46.823654
318126158,,service,184989529,BROKEN_CONNECTIVITY,no,,,,,29.466563,46.821663
318126158,,service,857413675,BROKEN_CONNECTIVITY,no,,,,,29.466697,46.821716
318126158,,service,857423858,BROKEN_CONNECTIVITY,no,,,,,29.466521,46.823785
318126158,,service,857423859,BROKEN_CONNECTIVITY,no,,,,,29.466641,46.823887
318126158,,service,857459570,BROKEN_CONNECTIVITY,no,,,,,29.467583,46.82488
318126158,,service,857427415,BROKEN_CONNECTIVITY,no,,,,,29.467533,46.824844
443456855,,service,857407847,LEVEL_CROSSING,,,,,,29.470164,46.826626
443460066,,service,857688722,LEVEL_CROSSING,,,,,,29.47887,46.800027
757851053,,service,481865888,LEVEL_CROSSING,,,,,,29.469605,46.829
757851053,,service,857395353,UNKNOWN_OWNER_REVIEW,,,,,,29.46859,46.827692
757872450,,service,857707829,BROKEN_CONNECTIVITY,no,,,,,29.468059,46.821237
857747822,,service,857215641,BROKEN_CONNECTIVITY,no,,,,,29.476381,46.837292
857747822,,service,184989532,BROKEN_CONNECTIVITY,no,,,,,29.476755,46.837301
857747822,,service,857747235,BROKEN_CONNECTIVITY,no,,,,,29.476839,46.837303
857747822,,service,857747236,BROKEN_CONNECTIVITY,no,,,,,29.476957,46.837306
857747822,,service,857747234,BROKEN_CONNECTIVITY,no,,,,,29.476894,46.837305
857747822,,service,857741600,BROKEN_CONNECTIVITY,no,,,,,29.476524,46.837295
857747822,,service,857741599,BROKEN_CONNECTIVITY,no,,,,,29.476596,46.837297
857747822,,service,857737586,BROKEN_CONNECTIVITY,no,,,,,29.476299,46.83729
857747822,,service,857747233,BROKEN_CONNECTIVITY,no,,,,,29.476669,46.837299
857747822,,service,857737587,BROKEN_CONNECTIVITY,no,,,,,29.476234,46.837288
857747822,,service,857737588,BROKEN_CONNECTIVITY,no,,,,,29.47617,46.837286
1424467027,,service,857688722,LEVEL_CROSSING,,,,,,29.478806,46.800154
