corridor_street,osm_way_id,way_name,highway,bridge,tunnel,layer,oneway,maxspeed,access,motor_vehicle,n_nodes,first_node,last_node,present_in_pbf,present_in_osrm_graph
Кишинёв-Тирасполь,28796004,Кишинёв-Тирасполь,primary,yes,,2,yes,50,,,2,271257727,316623749,True,True
Кишинёв-Тирасполь,28796006,Кишинёв-Тирасполь,primary,,,,yes,50,,,7,316623749,271258253,True,True
Кишинёв-Тирасполь,28796008,Кишинёв-Тирасполь,primary,yes,,2,yes,60,,,2,316623750,271258257,True,True
Кишинёв-Тирасполь,28796010,Кишинёв-Тирасполь,primary,,,,yes,60,,,4,271258257,457637269,True,True
Кишинёв-Тирасполь,38633102,Кишинёв-Тирасполь,primary,,,,yes,50,,,6,457637248,316623750,True,True
Кишинёв-Тирасполь,38633114,Кишинёв-Тирасполь,primary,,,,yes,60,,,2,457637388,517234914,True,True
Кишинёв-Тирасполь,38633124,Кишинёв-Тирасполь,primary_link,,,,yes,50,,,7,457637403,604245217,True,True
Кишинёв-Тирасполь,58427503,Кишинёв-Тирасполь,primary_link,,,,yes,,,,8,457637159,457637161,True,True
Кишинёв-Тирасполь,132957184,Кишинёв-Тирасполь,primary,,,,yes,50,,,13,457637163,271258258,True,True
Кишинёв-Тирасполь,132957188,Кишинёв-Тирасполь,primary,,,,yes,60,,,4,457637161,457637163,True,True
Кишинёв-Тирасполь,133143205,Кишинёв-Тирасполь,primary,,,,yes,60,,,7,457637269,457637159,True,True
Кишинёв-Тирасполь,185144051,Кишинёв-Тирасполь,primary,,,,,,,,16,457637141,5835052318,True,True
Кишинёв-Тирасполь,385234576,Кишинёв-Тирасполь,primary,,,,yes,50,,,6,517234914,271257727,True,True
Кишинёв-Тирасполь,415365320,Кишинёв-Тирасполь,primary,,,,yes,50,,,4,1017948896,271258254,True,True
Кишинёв-Тирасполь,28584680,Кишинёв-Тирасполь,primary,,,,yes,90,,,7,313965464,966102452,True,True
Кишинёв-Тирасполь,83039093,Кишинёв-Тирасполь,primary,,,,yes,,,,17,5812853360,4163930723,True,True
Кишинёв-Тирасполь,83039114,Кишинёв-Тирасполь,primary,,,,yes,,,,8,966102452,5812853359,True,True
Кишинёв-Тирасполь,83039154,Кишинёв-Тирасполь,primary,,,,,70,,,10,5812853355,7913569464,True,True
Кишинёв-Тирасполь,614526735,Кишинёв-Тирасполь,primary,,,,,50,,,2,966102485,5812853355,True,True
Кишинёв-Тирасполь,614526736,Кишинёв-Тирасполь,primary,,,,yes,50,,,6,5812853359,457637167,True,True
Кишинёв-Тирасполь,614526737,Кишинёв-Тирасполь,primary,,,,yes,50,,,4,457637167,5812853360,True,True
Кишинёв-Тирасполь,617252894,Кишинёв-Тирасполь,primary,,,,yes,,,,2,603906016,7439579516,True,True
Кишинёв-Тирасполь,617252895,Кишинёв-Тирасполь,primary,,,,yes,,,,3,7439579519,7439579517,True,True
Кишинёв-Тирасполь,685641259,Кишинёв-Тирасполь,primary,,,,,,,,2,514211208,603906016,True,True
Кишинёв-Тирасполь,795416596,Кишинёв-Тирасполь,primary,,,,yes,,,,3,7439579516,7439579518,True,True
Кишинёв-Тирасполь,795416597,Кишинёв-Тирасполь,primary,,,,yes,,,,2,7439579517,603906016,True,True
Кишинёв-Тирасполь,795416598,Кишинёв-Тирасполь,primary,,,,yes,,,,2,5835052318,7439579519,True,True
Кишинёв-Тирасполь,795416599,Кишинёв-Тирасполь,primary,,,,yes,,,,2,7439579518,5835052318,True,True
улица Ермакова,38633120,улица Ермакова,primary,,,,yes,60,,,4,517234915,7124434358,True,True
улица Ермакова,58426018,улица Ермакова,primary,,,,,50,,,3,271257722,2325958254,True,True
улица Ермакова,63221753,улица Ермакова,primary,,,,yes,50,,,10,457637392,2318547871,True,True
улица Ермакова,132957175,улица Ермакова,primary,,,,,60,,,3,514211087,760366909,True,True
улица Ермакова,222673638,улица Ермакова,primary,,,,yes,50,,,12,2318547871,4164051724,True,True
улица Ермакова,746365743,улица Ермакова,primary,,,,,50,,,2,2325958254,1769864402,True,True
улица Ермакова,746365744,улица Ермакова,primary,,,,,50,,,4,1769864402,514211087,True,True
улица Ермакова,813128460,улица Ермакова,primary,,,,yes,50,,,3,4164051724,1772931319,True,True
улица Ермакова,813128461,улица Ермакова,primary,,,,yes,50,,,6,1772931319,457637388,True,True
улица Ермакова,813128463,улица Ермакова,primary,,,,yes,60,,,6,1017846639,457637392,True,True
улица Ермакова,916379244,улица Ермакова,primary,,,,yes,60,,,3,7124434358,1017846639,True,True
улица Ермакова,943960891,улица Ермакова,primary,,,,,,,,2,760366909,2318547871,True,True
улица Петровского,60739704,улица Петровского,residential,,,,,,,,8,1017846690,760366929,True,True
улица Петровского,165763754,улица Петровского,residential,,,,,,,,10,760366929,1772948610,True,True
Тираспольская улица,38633109,Тираспольская улица,residential,,,,,,,,4,514211121,1121784303,True,True
Тираспольская улица,94330335,Тираспольская улица,secondary,,,,yes,,,,3,1121784759,457637354,True,True
Тираспольская улица,228367336,Тираспольская улица,secondary,,,,,,,,12,1121784759,1121784303,True,True
улица Титова,87499736,улица Титова,residential,,,,,,,,11,1062096368,1017846639,True,True
улица Титова,116073586,улица Титова,tertiary,,,,yes,,,,4,517234914,760366802,True,True
улица Титова,161630389,улица Титова,residential,,,,,,,,2,760367064,760366983,True,True
улица Титова,385234575,улица Титова,residential,,,,,,,,8,760367052,1309929207,True,True
улица Титова,493891920,улица Титова,tertiary,,,,yes,,,,7,760366802,760367052,True,True
улица Титова,813128462,улица Титова,residential,,,,,,,,2,1017846639,4164051724,True,True
улица Богдана Хмельницкого,46581879,улица Богдана Хмельницкого,residential,,,,,,,,7,595396012,595396016,True,True
улица 50 лет ВЛКСМ,64716999,улица 50 лет ВЛКСМ,tertiary,,,,no,,,,2,4017877009,2198533585,True,True
улица 50 лет ВЛКСМ,133068147,улица 50 лет ВЛКСМ,tertiary,,,,no,,,,15,583629166,13445004807,True,True
улица 50 лет ВЛКСМ,222986033,улица 50 лет ВЛКСМ,residential,,,,,,,,5,2319359043,2319359045,True,True
улица 50 лет ВЛКСМ,532560333,улица 50 лет ВЛКСМ,tertiary,,,,no,,,,8,2198533585,583629166,True,True
улица 50 лет ВЛКСМ,1465814212,улица 50 лет ВЛКСМ,tertiary,,,,no,,,,8,13445004807,794206724,True,True
улица Осипенко,45858827,улица Осипенко,residential,,,,,,,,6,583629136,794206721,True,True
улица Дружбы,45858821,улица Дружбы,primary,,,,,,,,16,583629128,2905509350,True,True
улица Дружбы,103643505,улица Дружбы,secondary,,,,yes,,,,2,604245147,604245177,True,True
улица Дружбы,83039115,улица Дружбы,residential,,,,,,,,3,966102348,966102218,True,True
Кишинёвская улица,41749663,Кишинёвская улица,tertiary,,,,,,,,12,514211114,346864409,True,True
Кишинёвская улица,62383007,Кишинёвская улица,primary,,,,,50,,,6,271257721,457637141,True,True
Кишинёвская улица,63221794,Кишинёвская улица,primary,,,,,60,,,23,346864409,457637403,True,True
Кишинёвская улица,133062213,Кишинёвская улица,primary,,,,,60,,,4,457637403,1464239916,True,True
Кишинёвская улица,133068144,Кишинёвская улица,primary,,,,,50,,,2,271257721,1464239916,True,True
Кишинёвская улица,133068155,Кишинёвская улица,primary_link,,,,yes,,,,5,1464239930,1464239916,True,True
