settlement_ru,district_ru,street_ru,housenumber,current_zone,central_km,bam_km,current_expected_km,in_city_km,outside_city_km,crosses_boundary,reenters_city,first_exit_lonlat,eq_km_A,recalculated_zone_A,qa_flag
Гиска,Гиска,Госпитальная улица,8,4,6.3849,8.9653,6.706,3.5055,2.8742,True,False,"[29.460651, 46.800081]",8.6825,4,
Гиска,Гиска,Госпитальная улица,10а,4,6.3218,8.9021,6.643,3.5055,2.8113,True,False,"[29.460651, 46.800081]",8.5777,4,
Гиска,Гиска,Госпитальная улица,12,4,6.1697,8.75,6.491,3.5055,2.6593,True,False,"[29.460651, 46.800081]",8.3244,3,zone_move_4->3
Гиска,Гиска,Госпитальная улица,12 В,4,6.2373,8.8177,6.558,3.5055,2.7269,True,False,"[29.460651, 46.800081]",8.437,4,
Гиска,Гиска,Госпитальная улица,14а,4,6.1771,8.7575,6.497,3.5055,2.6667,True,False,"[29.460651, 46.800081]",8.3367,3,zone_move_4->3
Гиска,Гиска,Госпитальная улица,16,4,6.229,8.8093,6.55,3.5055,2.7185,True,False,"[29.460651, 46.800081]",8.423,4,
Гиска,Гиска,Госпитальная улица,20,4,6.3235,8.9039,6.644,3.5055,2.813,True,False,"[29.460651, 46.800081]",8.5805,4,
Гиска,Гиска,Госпитальная улица,24,4,5.9203,8.5007,6.241,3.5055,2.4112,True,False,"[29.460651, 46.800081]",7.9109,3,zone_move_4->3
Гиска,Гиска,Госпитальная улица,31,4,5.909,8.4893,6.23,3.5055,2.3998,True,False,"[29.460651, 46.800081]",7.8919,3,zone_move_4->3
Гиска,Гиска,Госпитальная улица,35,4,6.4839,9.0642,6.805,3.5055,2.9733,True,False,"[29.460651, 46.800081]",8.8477,4,
Гиска,Гиска,Госпитальная улица,37,4,6.3649,8.9452,6.686,3.5055,2.8543,True,False,"[29.460651, 46.800081]",8.6494,4,
Гиска,Гиска,Госпитальная улица,39,4,6.4772,9.0576,6.798,3.5055,2.9666,True,False,"[29.460651, 46.800081]",8.8365,4,
Гиска,Гиска,Госпитальная улица,45,4,6.3897,8.97,6.71,3.5055,2.8791,True,False,"[29.460651, 46.800081]",8.6907,4,
Гиска,Гиска,Госпитальная улица,47,4,6.3022,8.8825,6.623,3.5055,2.7917,True,False,"[29.460651, 46.800081]",8.545,4,
Гиска,Гиска,Госпитальная улица,52,4,5.8049,8.3852,6.126,3.5055,2.2957,True,False,"[29.460651, 46.800081]",7.7184,3,zone_move_4->3
Гиска,Гиска,Госпитальная улица,53,4,6.134,8.7144,6.454,3.5055,2.6236,True,False,"[29.460651, 46.800081]",8.2649,3,zone_move_4->3
Гиска,Гиска,Госпитальная улица,54,4,5.7299,8.3102,6.051,3.5055,2.2209,True,False,"[29.460651, 46.800081]",7.5937,3,zone_move_4->3
Гиска,Гиска,Госпитальная улица,55,4,6.142,8.7224,6.463,3.5055,2.6316,True,False,"[29.460651, 46.800081]",8.2782,3,zone_move_4->3
Гиска,Гиска,Госпитальная улица,56,4,5.8039,8.3842,6.125,3.5055,2.2947,True,False,"[29.460651, 46.800081]",7.7167,3,zone_move_4->3
Гиска,Гиска,Госпитальная улица,63,4,6.1045,8.6849,6.426,3.5055,2.5948,True,False,"[29.460651, 46.800081]",8.2169,3,zone_move_4->3
Гиска,Гиска,Госпитальная улица,78,4,5.9639,8.5442,6.285,3.5055,2.4546,True,False,"[29.460651, 46.800081]",7.9832,3,zone_move_4->3
Гиска,Гиска,Госпитальная улица,87,4,5.7976,8.3779,6.119,3.5055,2.2885,True,False,"[29.460651, 46.800081]",7.7064,3,zone_move_4->3
Гиска,Гиска,Госпитальная улица,89,4,5.816,8.3963,6.137,3.5055,2.3068,True,False,"[29.460651, 46.800081]",7.7369,3,zone_move_4->3
Гиска,Гиска,Госпитальная улица,105,4,5.9704,8.5507,6.291,3.5055,2.4612,True,False,"[29.460651, 46.800081]",7.9942,3,zone_move_4->3
Гиска,Гиска,Заречная улица,13,4,6.8739,9.4543,7.195,3.5055,3.3639,True,False,"[29.460651, 46.800081]",9.4987,4,
Гиска,Гиска,Молодёжная улица,1,4,5.406,7.9863,5.727,3.5055,1.8968,True,False,"[29.460651, 46.800081]",7.0535,3,zone_move_4->3
Гиска,Гиска,Молодёжная улица,2,4,5.3988,7.9791,5.72,3.5055,1.8896,True,False,"[29.460651, 46.800081]",7.0415,3,zone_move_4->3
Гиска,Гиска,Молодёжная улица,19,4,5.5564,8.1367,5.877,3.5055,2.0468,True,False,"[29.460651, 46.800081]",7.3035,3,zone_move_4->3
Гиска,Гиска,Молодёжная улица,21,4,5.6095,8.1899,5.93,3.5055,2.0998,True,False,"[29.460651, 46.800081]",7.3919,3,zone_move_4->3
Гиска,Гиска,Молодёжная улица,48,4,5.6228,8.2032,5.944,3.5055,2.1121,True,False,"[29.460651, 46.800081]",7.4124,3,zone_move_4->3
Гиска,Гиска,Молодёжная улица,51,4,5.6943,8.2747,6.016,3.5055,2.1834,True,False,"[29.460651, 46.800081]",7.5312,3,zone_move_4->3
Гиска,Гиска,Молодёжная улица,61,4,5.3224,7.9027,5.643,3.5055,1.8134,True,False,"[29.460651, 46.800081]",6.9145,3,zone_move_4->3
Гиска,Гиска,Октябрьская улица,6,4,7.9656,10.5459,8.286,3.5055,4.451,True,False,"[29.460651, 46.800081]",11.3105,4,
Гиска,Гиска,Октябрьская улица,8,4,8.0281,10.6085,8.349,3.5055,4.5135,True,False,"[29.460651, 46.800081]",11.4147,4,
Гиска,Гиска,Октябрьская улица,16,4,8.1435,10.7238,8.464,3.5055,4.6284,True,False,"[29.460651, 46.800081]",11.6062,4,
Гиска,Гиска,Октябрьская улица,22,4,8.1266,10.7069,8.447,3.5055,4.6116,True,False,"[29.460651, 46.800081]",11.5782,4,
Гиска,Гиска,Октябрьская улица,23,4,8.2575,10.8378,8.578,3.5055,4.7421,True,False,"[29.460651, 46.800081]",11.7957,4,
Гиска,Гиска,Октябрьская улица,32,4,8.245,10.8253,8.566,3.5055,4.7296,True,False,"[29.460651, 46.800081]",11.7749,4,
Гиска,Гиска,Октябрьский переулок,20,4,8.0703,10.6507,8.391,3.5055,4.5554,True,False,"[29.460651, 46.800081]",11.4845,4,
Гиска,Гиска,Октябрьский переулок,249,4,8.0192,10.5995,8.339,3.5055,4.5043,True,False,"[29.460651, 46.800081]",11.3994,4,
Гиска,Гиска,Первомайская улица,4,3,4.295,6.8754,4.616,3.5055,0.7869,True,False,"[29.460651, 46.800081]",5.2037,2,zone_move_3->2
Гиска,Гиска,Первомайская улица,6,3,4.4287,7.009,4.749,3.5055,0.9199,True,False,"[29.460651, 46.800081]",5.4254,2,zone_move_3->2
Гиска,Гиска,Первомайская улица,29,3,4.5083,7.0887,4.829,3.5055,0.9992,True,False,"[29.460651, 46.800081]",5.5575,2,zone_move_3->2
Гиска,Гиска,Первомайская улица,31,3,4.5288,7.1092,4.849,3.5055,1.0196,True,False,"[29.460651, 46.800081]",5.5915,2,zone_move_3->2
Гиска,Гиска,Первомайская улица,33,3,4.5694,7.1497,4.89,3.5055,1.0601,True,False,"[29.460651, 46.800081]",5.659,2,zone_move_3->2
Гиска,Гиска,Первомайская улица,35,3,4.594,7.1743,4.915,3.5055,1.0846,True,False,"[29.460651, 46.800081]",5.6999,2,zone_move_3->2
Гиска,Гиска,Приднестровская улица,9,3,4.5984,7.1788,4.919,3.5055,1.0894,True,False,"[29.460651, 46.800081]",5.7079,2,zone_move_3->2
Гиска,Гиска,Садовая улица,1,4,8.8998,11.4801,9.22,3.5055,5.3831,True,False,"[29.460651, 46.800081]",12.864,4,
Гиска,Гиска,Садовая улица,5,4,8.3895,10.9698,8.71,3.5055,4.8738,True,False,"[29.460651, 46.800081]",12.0152,4,
Гиска,Гиска,Садовая улица,11,4,8.2552,10.8356,8.576,3.5055,4.7395,True,False,"[29.460651, 46.800081]",11.7914,4,
Гиска,Гиска,Садовая улица,13,4,8.2465,10.8268,8.567,3.5055,4.7308,True,False,"[29.460651, 46.800081]",11.7769,4,
Гиска,Гиска,Садовая улица,14,4,9.014,11.5943,9.335,3.5055,5.4973,True,False,"[29.460651, 46.800081]",13.0544,4,
Гиска,Гиска,Садовая улица,17,4,8.3785,10.9588,8.699,3.5055,4.8628,True,False,"[29.460651, 46.800081]",11.9969,4,
Гиска,Гиска,Садовая улица,22,4,8.9426,11.5229,9.264,3.5055,5.4259,True,False,"[29.460651, 46.800081]",12.9354,4,
Гиска,Гиска,Садовая улица,24,4,8.9024,11.4827,9.223,3.5055,5.3856,True,False,"[29.460651, 46.800081]",12.8682,4,
Гиска,Гиска,Садовая улица,26,4,8.8574,11.4377,9.178,3.5055,5.3408,True,False,"[29.460651, 46.800081]",12.7935,4,
Гиска,Гиска,Садовая улица,30,4,8.9089,11.4893,9.23,3.5055,5.3923,True,False,"[29.460651, 46.800081]",12.8794,4,
Гиска,Гиска,Садовая улица,33,4,8.2468,10.8271,8.568,3.5055,4.7311,True,False,"[29.460651, 46.800081]",11.7774,4,
Гиска,Гиска,Садовая улица,291,4,8.798,11.3784,9.119,3.5055,5.2814,True,False,"[29.460651, 46.800081]",12.6945,4,
Гиска,Гиска,Студенческая улица,1,3,4.0586,6.639,4.379,3.5055,0.5507,True,False,"[29.460651, 46.800081]",4.81,2,zone_move_3->2
Гиска,Гиска,Студенческая улица,3,3,4.0169,6.5972,4.337,3.5055,0.509,True,False,"[29.460651, 46.800081]",4.7405,2,zone_move_3->2
Гиска,Гиска,Студенческая улица,5,3,4.0436,6.6239,4.364,3.5055,0.5356,True,False,"[29.460651, 46.800081]",4.7849,2,zone_move_3->2
Гиска,Гиска,Студенческая улица,7,3,4.099,6.6794,4.419,3.5055,0.591,True,False,"[29.460651, 46.800081]",4.8772,2,zone_move_3->2
Гиска,Гиска,Студенческая улица,7/A,3,4.5594,7.1397,4.88,3.5055,1.0507,True,False,"[29.460651, 46.800081]",5.6434,2,zone_move_3->2
Гиска,Гиска,Студенческая улица,8,3,4.6932,7.2736,5.014,3.5055,1.1844,True,False,"[29.460651, 46.800081]",5.8662,2,zone_move_3->2
Гиска,Гиска,Студенческая улица,9,3,4.4948,7.0751,4.816,3.5055,0.9864,True,False,"[29.460651, 46.800081]",5.5362,2,zone_move_3->2
Гиска,Гиска,Театральная улица,2,4,7.0793,9.6597,7.4,3.5055,3.5672,True,False,"[29.460651, 46.800081]",9.8375,4,
Гиска,Гиска,Театральная улица,3,4,7.1546,9.735,7.476,3.5055,3.6425,True,False,"[29.460651, 46.800081]",9.963,4,
Гиска,Гиска,Театральная улица,5,4,7.1731,9.7535,7.494,3.5055,3.661,True,False,"[29.460651, 46.800081]",9.9939,4,
Гиска,Гиска,Театральная улица,7,4,7.2277,9.808,7.548,3.5055,3.7155,True,False,"[29.460651, 46.800081]",10.0847,4,
Гиска,Гиска,Театральная улица,8,4,7.198,9.7783,7.518,3.5055,3.6859,True,False,"[29.460651, 46.800081]",10.0354,4,
Гиска,Гиска,Театральная улица,8а,4,7.0826,9.663,7.404,3.5055,3.5706,True,False,"[29.460651, 46.800081]",9.8432,4,
Гиска,Гиска,Театральная улица,9,4,7.2422,9.8225,7.563,3.5055,3.73,True,False,"[29.460651, 46.800081]",10.1089,4,
Гиска,Гиска,Театральная улица,10,4,7.2269,9.8073,7.547,3.5055,3.7148,True,False,"[29.460651, 46.800081]",10.0835,4,
Гиска,Гиска,Театральная улица,10а,4,7.2809,9.8613,7.601,3.5055,3.7687,True,False,"[29.460651, 46.800081]",10.1734,4,
Гиска,Гиска,Театральная улица,11,4,7.2895,9.8698,7.611,3.5055,3.7772,True,False,"[29.460651, 46.800081]",10.1875,4,
Гиска,Гиска,Театральная улица,12а,4,7.2825,9.8628,7.603,3.5055,3.7703,True,False,"[29.460651, 46.800081]",10.176,4,
Гиска,Гиска,Театральная улица,13,4,7.3034,9.8838,7.624,3.5055,3.7911,True,False,"[29.460651, 46.800081]",10.2107,4,
Гиска,Гиска,Театральная улица,16,4,7.331,9.9113,7.651,3.5055,3.8188,True,False,"[29.460651, 46.800081]",10.2569,4,
Гиска,Гиска,Театральная улица,18,4,7.2718,9.8522,7.593,3.5055,3.7597,True,False,"[29.460651, 46.800081]",10.1584,4,
Гиска,Гиска,Театральная улица,20,4,7.2606,9.841,7.581,3.5055,3.7485,True,False,"[29.460651, 46.800081]",10.1397,4,
Гиска,Гиска,Театральная улица,22,4,7.3363,9.9166,7.657,3.5055,3.8238,True,False,"[29.460651, 46.800081]",10.2652,4,
Гиска,Гиска,Театральная улица,168,4,7.0529,9.6333,7.374,3.5055,3.5409,True,False,"[29.460651, 46.800081]",9.7937,4,
Гиска,Гиска,Учительская улица,1,4,5.9828,8.5631,6.304,3.5055,2.4734,True,False,"[29.460651, 46.800081]",8.0145,3,zone_move_4->3
Гиска,Гиска,Учительская улица,2,4,5.978,8.5584,6.298,3.5055,2.4687,True,False,"[29.460651, 46.800081]",8.0067,3,zone_move_4->3
Гиска,Гиска,Учительская улица,5,4,6.0272,8.6076,6.348,3.5055,2.5178,True,False,"[29.460651, 46.800081]",8.0885,3,zone_move_4->3
Гиска,Гиска,Учительская улица,6,4,6.035,8.6154,6.356,3.5055,2.5257,True,False,"[29.460651, 46.800081]",8.1017,3,zone_move_4->3
Гиска,Гиска,Учительская улица,7,4,6.0614,8.6417,6.382,3.5055,2.5519,True,False,"[29.460651, 46.800081]",8.1454,3,zone_move_4->3
Гиска,Гиска,Учительская улица,10,4,6.139,8.7193,6.46,3.5055,2.6295,True,False,"[29.460651, 46.800081]",8.2747,3,zone_move_4->3
Гиска,Гиска,Учительская улица,13,4,6.0982,8.6786,6.419,3.5055,2.5888,True,False,"[29.460651, 46.800081]",8.2069,3,zone_move_4->3
Гиска,Гиска,Учительская улица,15,4,6.0681,8.6484,6.389,3.5055,2.5586,True,False,"[29.460651, 46.800081]",8.1565,3,zone_move_4->3
Гиска,Гиска,Учительская улица,95,4,5.952,8.5323,6.272,3.5055,2.4427,True,False,"[29.460651, 46.800081]",7.9634,3,zone_move_4->3
Гиска,Гиска,Учительская улица,97,4,5.9479,8.5283,6.269,3.5055,2.4386,True,False,"[29.460651, 46.800081]",7.9565,3,zone_move_4->3
Гиска,Гиска,Учительская улица,99а,4,6.0333,8.6136,6.354,3.5055,2.5238,True,False,"[29.460651, 46.800081]",8.0985,3,zone_move_4->3
Гиска,Гиска,Учительская улица,101,4,6.0319,8.6123,6.353,3.5055,2.5225,True,False,"[29.460651, 46.800081]",8.0964,3,zone_move_4->3
Гиска,Гиска,Школьная улица,15,4,6.646,9.2263,6.967,3.5055,3.1354,True,False,"[29.460651, 46.800081]",9.1179,4,
Гиска,Гиска,Школьная улица,17,4,6.6708,9.2511,6.991,3.5055,3.1602,True,False,"[29.460651, 46.800081]",9.1592,4,
Гиска,Гиска,Школьная улица,19,4,6.6773,9.2576,6.998,3.5055,3.1667,True,False,"[29.460651, 46.800081]",9.17,4,
Гиска,Гиска,Школьная улица,21,4,6.66,9.2403,6.981,3.5055,3.1494,True,False,"[29.460651, 46.800081]",9.1412,4,
Гиска,Гиска,Школьная улица,23,4,6.6173,9.1976,6.938,3.5055,3.1068,True,False,"[29.460651, 46.800081]",9.0702,4,
Гиска,Гиска,Школьная улица,25,4,6.5821,9.1624,6.903,3.5055,3.0717,True,False,"[29.460651, 46.800081]",9.0117,4,
Гиска,Гиска,Школьная улица,26,4,6.4596,9.0399,6.781,3.5055,2.9495,True,False,"[29.460651, 46.800081]",8.808,4,
Гиска,Гиска,Школьная улица,27,4,6.5611,9.1414,6.882,3.5055,3.0508,True,False,"[29.460651, 46.800081]",8.9769,4,
Гиска,Гиска,Школьная улица,28,4,6.49,9.0704,6.811,3.5055,2.9799,True,False,"[29.460651, 46.800081]",8.8587,4,
Гиска,Гиска,Школьная улица,29,4,6.5386,9.119,6.86,3.5055,3.0284,True,False,"[29.460651, 46.800081]",8.9395,4,
Гиска,Гиска,Школьная улица,30,4,6.5208,9.1012,6.842,3.5055,3.0107,True,False,"[29.460651, 46.800081]",8.91,4,
Гиска,Гиска,Школьная улица,31,4,6.5229,9.1032,6.844,3.5055,3.0127,True,False,"[29.460651, 46.800081]",8.9134,4,
Гиска,Гиска,Школьная улица,32,4,6.5998,9.1801,6.921,3.5055,3.0896,True,False,"[29.460651, 46.800081]",9.0415,4,
Гиска,Гиска,Школьная улица,33,4,6.5055,9.0858,6.826,3.5055,2.9954,True,False,"[29.460651, 46.800081]",8.8845,4,
Гиска,Гиска,Школьная улица,35,4,6.5762,9.1566,6.897,3.5055,3.0661,True,False,"[29.460651, 46.800081]",9.0024,4,
Гиска,Гиска,Школьная улица,37,4,6.7881,9.3684,7.109,3.5055,3.2775,True,False,"[29.460651, 46.800081]",9.3547,4,
Гиска,Гиска,Школьная улица,39,4,6.821,9.4014,7.142,3.5055,3.3104,True,False,"[29.460651, 46.800081]",9.4095,4,
Гиска,Гиска,Школьный переулок,1,4,6.328,8.9084,6.648,3.5055,2.8183,True,False,"[29.460651, 46.800081]",8.5894,4,
Гиска,Гиска,Школьный переулок,1,4,6.3397,8.9201,6.648,3.5055,2.8298,True,False,"[29.460651, 46.800081]",8.6085,4,
Гиска,Гиска,Школьный переулок,2,4,6.2853,8.8657,6.606,3.5055,2.7756,True,False,"[29.460651, 46.800081]",8.5182,4,
Гиска,Гиска,Школьный переулок,2,4,6.3466,8.927,6.606,3.5055,2.8367,True,False,"[29.460651, 46.800081]",8.62,4,
Гиска,Гиска,Школьный переулок,4,4,6.2487,8.829,6.569,3.5055,2.7389,True,False,"[29.460651, 46.800081]",8.457,4,
Гиска,Гиска,Школьный переулок,5,4,6.6179,9.1982,6.939,3.5055,3.1072,True,False,"[29.460651, 46.800081]",9.0709,4,
Гиска,Гиска,Школьный переулок,15,4,6.6448,9.2252,6.966,3.5055,3.1341,True,False,"[29.460651, 46.800081]",9.1157,4,
Гиска,Гиска,Школьный переулок,16,4,6.6444,9.2248,6.965,3.5055,3.1337,True,False,"[29.460651, 46.800081]",9.115,4,
Гиска,Гиска,переулок Мира,1,4,6.3947,8.9751,6.715,3.5055,2.8838,True,False,"[29.460651, 46.800081]",8.6985,4,
Гиска,Гиска,переулок Мира,2,4,6.3991,8.9795,6.72,3.5055,2.8882,True,False,"[29.460651, 46.800081]",8.7059,4,
Гиска,Гиска,переулок Мира,8,4,6.4657,9.0461,6.786,3.5055,2.9546,True,False,"[29.460651, 46.800081]",8.8165,4,
Гиска,Гиска,переулок Мира,9,4,6.4732,9.0536,6.794,3.5055,2.9621,True,False,"[29.460651, 46.800081]",8.829,4,
Гиска,Гиска,переулок Суворова,1,3,5.2211,7.8015,5.542,3.5055,1.7107,True,False,"[29.460651, 46.800081]",6.7434,3,
Гиска,Гиска,переулок Суворова,2,3,5.2487,7.8291,5.57,3.5055,1.7383,True,False,"[29.460651, 46.800081]",6.7894,3,
Гиска,Гиска,переулок Суворова,25,4,5.5261,8.1064,5.847,3.5055,2.0155,True,False,"[29.460651, 46.800081]",7.2514,3,zone_move_4->3
Гиска,Гиска,переулок Суворова,28,4,5.4107,7.991,5.731,3.5055,1.9002,True,False,"[29.460651, 46.800081]",7.0592,3,zone_move_4->3
Гиска,Гиска,переулок Суворова,29,4,5.6043,8.1846,5.925,3.5055,2.0937,True,False,"[29.460651, 46.800081]",7.3817,3,zone_move_4->3
Гиска,Гиска,переулок Суворова,61,4,5.5537,8.134,5.874,3.5055,2.0431,True,False,"[29.460651, 46.800081]",7.2974,3,zone_move_4->3
Гиска,Гиска,улица 40 лет МССР,70,3,4.8462,7.5381,5.176,4.6703,0.176,True,False,"[29.476513, 46.784361]",5.367,2,zone_move_3->2
Гиска,Гиска,улица 40 лет МССР,72,3,4.881,7.5729,5.21,4.6703,0.2108,True,False,"[29.476513, 46.784361]",5.425,2,zone_move_3->2
Гиска,Гиска,улица 40 лет МССР,74,3,4.9177,7.6096,5.248,4.6703,0.2475,True,False,"[29.476513, 46.784361]",5.4862,2,zone_move_3->2
Гиска,Гиска,улица 40 лет МССР,76,3,5.0592,7.7511,5.389,4.6703,0.3889,True,False,"[29.476513, 46.784361]",5.7219,2,zone_move_3->2
Гиска,Гиска,улица 40 лет МССР,78,3,5.0592,7.7511,5.389,4.6703,0.3889,True,False,"[29.476513, 46.784361]",5.7219,2,zone_move_3->2
Гиска,Гиска,улица 40 лет МССР,82,3,5.1086,7.8004,5.438,4.6703,0.4381,True,False,"[29.476513, 46.784361]",5.8039,2,zone_move_3->2
Гиска,Гиска,улица 40 лет МССР,86,3,5.1629,7.8548,5.493,4.6703,0.4925,True,False,"[29.476513, 46.784361]",5.8945,2,zone_move_3->2
Гиска,Гиска,улица 40 лет МССР,187,3,4.9372,7.6291,5.267,4.6703,0.2671,True,False,"[29.476513, 46.784361]",5.5189,2,zone_move_3->2
Гиска,Гиска,улица 40 лет МССР,189,3,4.9571,7.649,5.287,4.6703,0.287,True,False,"[29.476513, 46.784361]",5.552,2,zone_move_3->2
Гиска,Гиска,улица 40 лет МССР,191,3,4.9872,7.679,5.317,4.6703,0.317,True,False,"[29.476513, 46.784361]",5.602,2,zone_move_3->2
Гиска,Гиска,улица 60 лет Октября,1,4,5.6868,8.2672,6.008,3.5055,2.1777,True,False,"[29.460651, 46.800081]",7.5217,3,zone_move_4->3
Гиска,Гиска,улица 60 лет Октября,2,4,5.6964,8.2768,5.924,3.5055,2.1873,True,False,"[29.460651, 46.800081]",7.5377,3,zone_move_4->3
Гиска,Гиска,улица 60 лет Октября,2,4,5.6028,8.1831,5.924,3.5055,2.0938,True,False,"[29.460651, 46.800081]",7.3819,3,zone_move_4->3
Гиска,Гиска,улица 60 лет Октября,3,4,5.6183,8.1986,5.939,3.5055,2.1093,True,False,"[29.460651, 46.800081]",7.4077,3,zone_move_4->3
Гиска,Гиска,улица 60 лет Октября,4,4,5.6382,8.2186,5.959,3.5055,2.1292,True,False,"[29.460651, 46.800081]",7.4409,3,zone_move_4->3
Гиска,Гиска,улица 60 лет Октября,28,4,6.2552,8.8355,6.576,3.5055,2.7446,True,False,"[29.460651, 46.800081]",8.4665,4,
Гиска,Гиска,улица 60 лет Октября,39,4,6.248,8.8283,6.569,3.5055,2.7374,True,False,"[29.460651, 46.800081]",8.4545,4,
Гиска,Гиска,улица Бориса Главана,5,4,5.6816,8.262,6.003,3.5055,2.1726,True,False,"[29.460651, 46.800081]",7.5132,3,zone_move_4->3
Гиска,Гиска,улица Бориса Главана,6,4,5.7248,8.3052,6.046,3.5055,2.2157,True,False,"[29.460651, 46.800081]",7.585,3,zone_move_4->3
Гиска,Гиска,улица Бориса Главана,7,4,5.7221,8.3024,6.043,3.5055,2.213,True,False,"[29.460651, 46.800081]",7.5805,3,zone_move_4->3
Гиска,Гиска,улица Бориса Главана,22,4,5.9065,8.4868,6.228,3.5055,2.3971,True,False,"[29.460651, 46.800081]",7.8874,3,zone_move_4->3
Гиска,Гиска,улица Бориса Главана,22а,4,5.8633,8.4437,6.184,3.5055,2.3541,True,False,"[29.460651, 46.800081]",7.8157,3,zone_move_4->3
Гиска,Гиска,улица Бориса Главана,27,4,5.86,8.4403,6.181,3.5055,2.3508,True,False,"[29.460651, 46.800081]",7.8102,3,zone_move_4->3
Гиска,Гиска,улица Бориса Главана,89,4,5.8043,8.3846,6.125,3.5055,2.2951,True,False,"[29.460651, 46.800081]",7.7174,3,zone_move_4->3
Гиска,Гиска,улица Бориса Главана,91,4,5.8121,8.3925,6.133,3.5055,2.303,True,False,"[29.460651, 46.800081]",7.7305,3,zone_move_4->3
Гиска,Гиска,улица Гагарина,1,4,8.1349,10.7153,8.422,3.5055,4.6197,True,False,"[29.460651, 46.800081]",11.5917,4,
Гиска,Гиска,улица Гагарина,1,4,8.1017,10.682,8.422,3.5055,4.5865,True,False,"[29.460651, 46.800081]",11.5364,4,
Гиска,Гиска,улица Гагарина,2,4,8.1632,10.7435,8.484,3.5055,4.6479,True,False,"[29.460651, 46.800081]",11.6387,4,
Гиска,Гиска,улица Гагарина,6,4,8.2397,10.82,8.561,3.5055,4.7242,True,False,"[29.460651, 46.800081]",11.7659,4,
Гиска,Гиска,улица Гагарина,8,4,8.2758,10.8562,8.596,3.5055,4.7602,True,False,"[29.460651, 46.800081]",11.8259,4,
Гиска,Гиска,улица Гагарина,9,4,8.2292,10.8096,8.55,3.5055,4.7137,True,False,"[29.460651, 46.800081]",11.7484,4,
Гиска,Гиска,улица Гагарина,11,4,8.2713,10.8516,8.592,3.5055,4.7557,True,False,"[29.460651, 46.800081]",11.8184,4,
Гиска,Гиска,улица Гагарина,28,4,8.7901,11.3704,9.111,3.5055,5.2736,True,False,"[29.460651, 46.800081]",12.6815,4,
Гиска,Гиска,улица Гагарина,42,4,8.7025,11.2828,9.023,3.5055,5.1857,True,False,"[29.460651, 46.800081]",12.535,4,
Гиска,Гиска,улица Гагарина,49,4,8.7031,11.2835,9.024,3.5055,5.1863,True,False,"[29.460651, 46.800081]",12.536,4,
Гиска,Гиска,улица Гагарина,51,4,8.748,11.3283,9.068,3.5055,5.2311,True,False,"[29.460651, 46.800081]",12.6107,4,
Гиска,Гиска,улица Гагарина,52,4,8.836,11.4163,9.157,3.5055,5.3195,True,False,"[29.460651, 46.800081]",12.758,4,
Гиска,Гиска,улица Гагарина,57,4,8.844,11.4243,9.165,3.5055,5.3275,True,False,"[29.460651, 46.800081]",12.7714,4,
Гиска,Гиска,улица Гоголя,1,3,5.2298,7.8101,5.55,3.5055,1.7207,True,False,"[29.460651, 46.800081]",6.76,3,
Гиска,Гиска,улица Гоголя,2,3,5.2122,7.7926,5.533,3.5055,1.7032,True,False,"[29.460651, 46.800081]",6.7309,3,
Гиска,Гиска,улица Гоголя,9,4,5.3144,7.8947,5.635,3.5055,1.805,True,False,"[29.460651, 46.800081]",6.9005,3,zone_move_4->3
Гиска,Гиска,улица Гоголя,11,4,5.4059,7.9862,5.727,3.5055,1.8964,True,False,"[29.460651, 46.800081]",7.0529,3,zone_move_4->3
Гиска,Гиска,улица Гоголя,16,4,5.3054,7.8857,5.626,3.5055,1.7961,True,False,"[29.460651, 46.800081]",6.8857,3,zone_move_4->3
Гиска,Гиска,улица Гоголя,59,4,5.494,8.0743,5.815,3.5055,1.9833,True,False,"[29.460651, 46.800081]",7.1977,3,zone_move_4->3
Гиска,Гиска,улица Интернационалистов,2,3,4.6959,7.2763,5.017,3.5055,1.1872,True,False,"[29.460651, 46.800081]",5.8709,2,zone_move_3->2
Гиска,Гиска,улица Интернационалистов,8,3,4.8161,7.3964,5.137,3.5055,1.307,True,False,"[29.460651, 46.800081]",6.0705,2,zone_move_3->2
Гиска,Гиска,улица Кирова,1,3,4.1286,6.8205,4.458,3.8057,0.3219,True,False,"[29.474808, 46.792383]",4.7456,2,zone_move_3->2
Гиска,Гиска,улица Кирова,2,3,4.0943,6.7861,4.424,3.8057,0.2876,True,False,"[29.474808, 46.792383]",4.6884,2,zone_move_3->2
Гиска,Гиска,улица Кирова,3,3,4.161,6.8529,4.491,3.8057,0.3543,True,False,"[29.474808, 46.792383]",4.7996,2,zone_move_3->2
Гиска,Гиска,улица Кирова,4,3,4.1122,6.8041,4.442,3.8057,0.3055,True,False,"[29.474808, 46.792383]",4.7183,2,zone_move_3->2
Гиска,Гиска,улица Кирова,5,3,4.1759,6.8677,4.506,3.8057,0.3692,True,False,"[29.474808, 46.792383]",4.8244,2,zone_move_3->2
Гиска,Гиска,улица Кирова,6,3,4.1342,6.8261,4.464,3.8057,0.3275,True,False,"[29.474808, 46.792383]",4.7549,2,zone_move_3->2
Гиска,Гиска,улица Кирова,7,3,4.1933,6.8852,4.523,3.8057,0.3866,True,False,"[29.474808, 46.792383]",4.8534,2,zone_move_3->2
Гиска,Гиска,улица Кирова,8,3,4.1627,6.8545,4.493,3.8057,0.356,True,False,"[29.474808, 46.792383]",4.8024,2,zone_move_3->2
Гиска,Гиска,улица Кирова,9,3,4.236,6.9279,4.565,3.8057,0.4293,True,False,"[29.474808, 46.792383]",4.9246,2,zone_move_3->2
Гиска,Гиска,улица Кирова,9а,3,4.2126,6.9044,4.542,3.8057,0.4058,True,False,"[29.474808, 46.792383]",4.8854,2,zone_move_3->2
Гиска,Гиска,улица Кирова,10,3,4.1956,6.8874,4.526,3.8057,0.3889,True,False,"[29.474808, 46.792383]",4.8573,2,zone_move_3->2
Гиска,Гиска,улица Кирова,11,3,4.4243,7.1162,4.754,3.9957,0.4274,True,False,"[29.475319, 46.790496]",5.1114,2,zone_move_3->2
Гиска,Гиска,улица Кирова,11а,3,4.405,7.0969,4.735,3.9957,0.4081,True,False,"[29.475319, 46.790496]",5.0793,2,zone_move_3->2
Гиска,Гиска,улица Кирова,13,3,4.4437,7.1356,4.773,3.9957,0.4468,True,False,"[29.475319, 46.790496]",5.1438,2,zone_move_3->2
Гиска,Гиска,улица Кирова,14,3,4.2347,6.9266,4.564,3.8057,0.428,True,False,"[29.474808, 46.792383]",4.9224,2,zone_move_3->2
Гиска,Гиска,улица Кирова,15,3,4.4597,7.1516,4.79,3.9957,0.4628,True,False,"[29.475319, 46.790496]",5.1704,2,zone_move_3->2
Гиска,Гиска,улица Кирова,16,3,4.2518,6.9437,4.581,3.8057,0.4451,True,False,"[29.474808, 46.792383]",4.9509,2,zone_move_3->2
Гиска,Гиска,улица Кирова,17,3,4.4747,7.1666,4.804,3.9957,0.4778,True,False,"[29.475319, 46.790496]",5.1954,2,zone_move_3->2
Гиска,Гиска,улица Кирова,18,3,4.2732,6.965,4.602,3.8057,0.4665,True,False,"[29.474808, 46.792383]",4.9866,2,zone_move_3->2
Гиска,Гиска,улица Кирова,19,3,4.4994,7.1913,4.829,3.9957,0.5025,True,False,"[29.475319, 46.790496]",5.2366,2,zone_move_3->2
Гиска,Гиска,улица Кирова,20,3,4.3851,7.0769,4.715,3.9957,0.3881,True,False,"[29.475319, 46.790496]",5.0459,2,zone_move_3->2
Гиска,Гиска,улица Кирова,23,3,4.5583,7.2502,4.887,3.9957,0.5614,True,False,"[29.475319, 46.790496]",5.3348,2,zone_move_3->2
Гиска,Гиска,улица Кирова,25,3,4.5796,7.2715,4.91,3.9957,0.5827,True,False,"[29.475319, 46.790496]",5.3703,2,zone_move_3->2
Гиска,Гиска,улица Кирова,27,3,4.5941,7.2859,4.923,3.9957,0.5972,True,False,"[29.475319, 46.790496]",5.3944,2,zone_move_3->2
Гиска,Гиска,улица Кирова,29,3,4.5993,7.2912,4.929,3.9957,0.6024,True,False,"[29.475319, 46.790496]",5.4031,2,zone_move_3->2
Гиска,Гиска,улица Кирова,31,3,4.627,7.3189,4.957,3.9957,0.6301,True,False,"[29.475319, 46.790496]",5.4493,2,zone_move_3->2
Гиска,Гиска,улица Кирова,31а,3,4.5322,7.2241,4.862,3.9957,0.5355,True,False,"[29.475319, 46.790496]",5.2916,2,zone_move_3->2
Гиска,Гиска,улица Кирова,32,3,4.446,7.1379,4.776,3.9957,0.449,True,False,"[29.475319, 46.790496]",5.1474,2,zone_move_3->2
Гиска,Гиска,улица Кирова,34,3,4.4625,7.1544,4.792,3.9957,0.4656,True,False,"[29.475319, 46.790496]",5.1751,2,zone_move_3->2
Гиска,Гиска,улица Кирова,36,3,4.4791,7.171,4.809,3.9957,0.4822,True,False,"[29.475319, 46.790496]",5.2028,2,zone_move_3->2
Гиска,Гиска,улица Кирова,38,3,4.4953,7.1871,4.825,3.9957,0.4983,True,False,"[29.475319, 46.790496]",5.2296,2,zone_move_3->2
Гиска,Гиска,улица Кирова,40,3,4.5157,7.2075,4.845,3.9957,0.5187,True,False,"[29.475319, 46.790496]",5.2636,2,zone_move_3->2
Гиска,Гиска,улица Кирова,42,3,4.5403,7.2322,4.87,3.9957,0.5434,True,False,"[29.475319, 46.790496]",5.3048,2,zone_move_3->2
Гиска,Гиска,улица Кирова,44,3,4.5591,7.251,4.888,3.9957,0.5622,True,False,"[29.475319, 46.790496]",5.3361,2,zone_move_3->2
Гиска,Гиска,улица Кирова,46,3,4.5767,7.2686,4.906,3.9957,0.5798,True,False,"[29.475319, 46.790496]",5.3654,2,zone_move_3->2
Гиска,Гиска,улица Кирова,48,3,4.6049,7.2968,4.934,3.9957,0.608,True,False,"[29.475319, 46.790496]",5.4124,2,zone_move_3->2
Гиска,Гиска,улица Кирова,50,3,4.6205,7.3124,4.95,3.9957,0.6236,True,False,"[29.475319, 46.790496]",5.4384,2,zone_move_3->2
Гиска,Гиска,улица Курило,1,4,5.9611,8.5414,6.282,3.5055,2.4517,True,False,"[29.460651, 46.800081]",7.9784,3,zone_move_4->3
Гиска,Гиска,улица Курило,2,4,5.9692,8.5495,6.289,3.5055,2.4598,True,False,"[29.460651, 46.800081]",7.9919,3,zone_move_4->3
Гиска,Гиска,улица Курило,13,4,5.7713,8.3517,6.092,3.5055,2.2621,True,False,"[29.460651, 46.800081]",7.6624,3,zone_move_4->3
Гиска,Гиска,улица Курило,20,4,5.7704,8.3507,6.091,3.5055,2.2611,True,False,"[29.460651, 46.800081]",7.6607,3,zone_move_4->3
Гиска,Гиска,улица Ленина,1,4,7.9354,10.5158,8.256,3.5055,4.4208,True,False,"[29.460651, 46.800081]",11.2602,4,
Гиска,Гиска,улица Ленина,2/A,3,3.9895,6.5698,4.31,3.5055,0.4816,True,False,"[29.460651, 46.800081]",4.6949,2,zone_move_3->2
Гиска,Гиска,улица Ленина,2б,3,4.1333,6.7137,4.454,3.5055,0.6253,True,False,"[29.460651, 46.800081]",4.9344,2,zone_move_3->2
Гиска,Гиска,улица Ленина,4,4,7.9245,10.5048,8.245,3.5055,4.4099,True,False,"[29.460651, 46.800081]",11.242,4,
Гиска,Гиска,улица Ленина,5,3,4.4863,7.0666,4.807,3.5055,0.9778,True,False,"[29.460651, 46.800081]",5.5219,2,zone_move_3->2
Гиска,Гиска,улица Ленина,13,3,4.5742,7.1546,4.895,3.5055,1.0657,True,False,"[29.460651, 46.800081]",5.6684,2,zone_move_3->2
Гиска,Гиска,улица Ленина,15,4,5.7142,8.2945,6.034,3.5055,2.205,True,False,"[29.460651, 46.800081]",7.5672,3,zone_move_4->3
Гиска,Гиска,улица Ленина,17,3,4.7197,7.3,5.04,3.5055,1.2109,True,False,"[29.460651, 46.800081]",5.9104,2,zone_move_3->2
Гиска,Гиска,улица Ленина,21,3,4.7944,7.3747,5.115,3.5055,1.2857,True,False,"[29.460651, 46.800081]",6.035,2,zone_move_3->2
Гиска,Гиска,улица Ленина,26,3,4.6341,7.2144,4.955,3.5055,1.1255,True,False,"[29.460651, 46.800081]",5.768,2,zone_move_3->2
Гиска,Гиска,улица Ленина,28,3,4.7315,7.3118,5.052,3.5055,1.2228,True,False,"[29.460651, 46.800081]",5.9302,2,zone_move_3->2
Гиска,Гиска,улица Ленина,47,3,5.0816,7.6619,5.402,3.5055,1.5727,True,False,"[29.460651, 46.800081]",6.5134,3,
Гиска,Гиска,улица Ленина,49,3,5.1762,7.7565,5.497,3.5055,1.6673,True,False,"[29.460651, 46.800081]",6.671,3,
Гиска,Гиска,улица Ленина,58,3,5.1699,7.7502,5.491,3.5055,1.661,True,False,"[29.460651, 46.800081]",6.6605,3,
Гиска,Гиска,улица Ленина,59,3,5.2532,7.8335,5.574,3.5055,1.7443,True,False,"[29.460651, 46.800081]",6.7994,3,
Гиска,Гиска,улица Ленина,71,4,5.4656,8.0459,5.786,3.5055,1.9566,True,False,"[29.460651, 46.800081]",7.1532,3,zone_move_4->3
Гиска,Гиска,улица Ленина,73/A,4,5.5059,8.0862,5.827,3.5055,1.9969,True,False,"[29.460651, 46.800081]",7.2204,3,zone_move_4->3
Гиска,Гиска,улица Ленина,75,4,5.6383,8.2187,5.959,3.5055,2.1292,True,False,"[29.460651, 46.800081]",7.4409,3,zone_move_4->3
Гиска,Гиска,улица Ленина,77,4,5.6195,8.1998,5.941,3.5055,2.1105,True,False,"[29.460651, 46.800081]",7.4097,3,zone_move_4->3
Гиска,Гиска,улица Ленина,90а,4,5.5705,8.1508,5.891,3.5055,2.0615,True,False,"[29.460651, 46.800081]",7.328,3,zone_move_4->3
Гиска,Гиска,улица Ленина,92,4,5.6416,8.2219,5.963,3.5055,2.1325,True,False,"[29.460651, 46.800081]",7.4464,3,zone_move_4->3
Гиска,Гиска,улица Ленина,93,4,5.8402,8.4206,6.161,3.5055,2.331,True,False,"[29.460651, 46.800081]",7.7772,3,zone_move_4->3
Гиска,Гиска,улица Ленина,100,4,5.8089,8.3892,6.13,3.5055,2.2997,True,False,"[29.460651, 46.800081]",7.725,3,zone_move_4->3
Гиска,Гиска,улица Ленина,101,4,5.6427,8.223,5.963,3.5055,2.1335,True,False,"[29.460651, 46.800081]",7.448,3,zone_move_4->3
Гиска,Гиска,улица Ленина,102,4,5.8779,8.4583,6.199,3.5055,2.3687,True,False,"[29.460651, 46.800081]",7.84,3,zone_move_4->3
Гиска,Гиска,улица Ленина,103,4,6.0586,8.6389,6.38,3.5055,2.549,True,False,"[29.460651, 46.800081]",8.1405,3,zone_move_4->3
Гиска,Гиска,улица Ленина,109,4,6.1117,8.6921,6.432,3.5055,2.602,True,False,"[29.460651, 46.800081]",8.2289,3,zone_move_4->3
Гиска,Гиска,улица Ленина,111а,4,6.1871,8.7675,6.508,3.5055,2.6774,True,False,"[29.460651, 46.800081]",8.3545,3,zone_move_4->3
Гиска,Гиска,улица Ленина,121,4,6.3121,8.8925,6.633,3.5055,2.8019,True,False,"[29.460651, 46.800081]",8.562,4,
Гиска,Гиска,улица Ленина,126,4,6.1576,8.738,6.479,3.5055,2.6478,True,False,"[29.460651, 46.800081]",8.3052,3,zone_move_4->3
Гиска,Гиска,улица Ленина,131,4,6.4243,9.0047,6.745,3.5055,2.9138,True,False,"[29.460651, 46.800081]",8.7485,4,
Гиска,Гиска,улица Ленина,133,4,6.4614,9.0417,6.782,3.5055,2.9507,True,False,"[29.460651, 46.800081]",8.81,4,
Гиска,Гиска,улица Ленина,136,4,6.3912,8.9715,6.712,3.5055,2.8807,True,False,"[29.460651, 46.800081]",8.6934,4,
Гиска,Гиска,улица Ленина,144,4,6.5362,9.1165,6.857,3.5055,3.0253,True,False,"[29.460651, 46.800081]",8.9344,4,
Гиска,Гиска,улица Ленина,146а,4,6.6248,9.2051,6.945,3.5055,3.1136,True,False,"[29.460651, 46.800081]",9.0815,4,
Гиска,Гиска,улица Ленина,156,4,6.7278,9.3082,7.049,3.5055,3.2164,True,False,"[29.460651, 46.800081]",9.2529,4,
Гиска,Гиска,улица Ленина,166,4,6.9134,9.4937,7.234,3.5055,3.4014,True,False,"[29.460651, 46.800081]",9.5612,4,
Гиска,Гиска,улица Ленина,168а,4,6.9602,9.5406,7.281,3.5055,3.4481,True,False,"[29.460651, 46.800081]",9.639,4,
Гиска,Гиска,улица Ленина,172,4,7.1309,9.7113,7.453,3.5055,3.6183,True,False,"[29.460651, 46.800081]",9.9227,4,
Гиска,Гиска,улица Ленина,178,4,7.3234,9.9037,7.644,3.5055,3.8102,True,False,"[29.460651, 46.800081]",10.2425,4,
Гиска,Гиска,улица Ленина,180 А,4,7.4003,9.9806,7.721,3.5055,3.8869,True,False,"[29.460651, 46.800081]",10.3704,4,
Гиска,Гиска,улица Ленина,188,4,7.3817,9.9621,7.703,3.5055,3.8684,True,False,"[29.460651, 46.800081]",10.3395,4,
Гиска,Гиска,улица Ленина,190 А,4,7.5727,10.1531,7.894,3.5055,4.059,True,False,"[29.460651, 46.800081]",10.6572,4,
Гиска,Гиска,улица Ленина,199,4,7.2434,9.8237,7.564,3.5055,3.7304,True,False,"[29.460651, 46.800081]",10.1095,4,
Гиска,Гиска,улица Ленина,201,4,7.3846,9.9649,7.705,3.5055,3.8713,True,False,"[29.460651, 46.800081]",10.3444,4,
Гиска,Гиска,улица Ленина,201,4,7.3947,9.9751,7.705,3.5055,3.8814,True,False,"[29.460651, 46.800081]",10.3612,4,
Гиска,Гиска,улица Ленина,214,4,7.9728,10.5531,8.294,3.5055,4.458,True,False,"[29.460651, 46.800081]",11.3222,4,
Гиска,Гиска,улица Ленина,216,4,8.0004,10.5807,8.321,3.5055,4.4855,True,False,"[29.460651, 46.800081]",11.368,4,
Гиска,Гиска,улица Ленина,230,4,8.0956,10.676,8.417,3.5055,4.5805,True,False,"[29.460651, 46.800081]",11.5264,4,
Гиска,Гиска,улица Ленина,235,4,7.8556,10.4359,8.176,3.5055,4.3411,True,False,"[29.460651, 46.800081]",11.1274,4,
Гиска,Гиска,улица Ленина,242,4,8.3053,10.8856,8.626,3.5055,4.7897,True,False,"[29.460651, 46.800081]",11.875,4,
Гиска,Гиска,улица Ленина,244,4,8.4323,11.0126,8.753,3.5055,4.9165,True,False,"[29.460651, 46.800081]",12.0864,4,
Гиска,Гиска,улица Ленина,248,4,8.5039,11.0842,8.825,3.5055,4.9879,True,False,"[29.460651, 46.800081]",12.2054,4,
Гиска,Гиска,улица Ленина,250,4,8.5358,11.1162,8.857,3.5055,5.0198,True,False,"[29.460651, 46.800081]",12.2585,4,
Гиска,Гиска,улица Ленина,251,4,8.0708,10.6511,8.392,3.5055,4.5558,True,False,"[29.460651, 46.800081]",11.4852,4,
Гиска,Гиска,улица Ленина,253,4,8.1071,10.6875,8.428,3.5055,4.592,True,False,"[29.460651, 46.800081]",11.5455,4,
Гиска,Гиска,улица Ленина,253,4,8.1505,10.7309,8.428,3.5055,4.6353,True,False,"[29.460651, 46.800081]",11.6177,4,
Гиска,Гиска,улица Ленина,253 А,4,8.1284,10.7087,8.449,3.5055,4.6132,True,False,"[29.460651, 46.800081]",11.5809,4,
Гиска,Гиска,улица Ленина,254 А,4,8.6295,11.2099,8.95,3.5055,5.1133,True,False,"[29.460651, 46.800081]",12.4144,4,
Гиска,Гиска,улица Ленина,257,4,8.2473,10.8276,8.568,3.5055,4.7319,True,False,"[29.460651, 46.800081]",11.7787,4,
Гиска,Гиска,улица Ленина,260,4,8.7102,11.2905,9.031,3.5055,5.1938,True,False,"[29.460651, 46.800081]",12.5485,4,
Гиска,Гиска,улица Ленина,266,4,8.7969,11.3772,9.117,3.5055,5.2803,True,False,"[29.460651, 46.800081]",12.6927,4,
Гиска,Гиска,улица Ленина,270,4,8.8238,11.4041,9.145,3.5055,5.3071,True,False,"[29.460651, 46.800081]",12.7374,4,
Гиска,Гиска,улица Ленина,273 А,4,8.4853,11.0656,8.806,3.5055,4.9694,True,False,"[29.460651, 46.800081]",12.1745,4,
Гиска,Гиска,улица Ленина,274,4,8.8642,11.4445,9.186,3.5055,5.3474,True,False,"[29.460651, 46.800081]",12.8045,4,
Гиска,Гиска,улица Ленина,275,4,8.5293,11.1096,8.85,3.5055,5.0133,True,False,"[29.460651, 46.800081]",12.2477,4,
Гиска,Гиска,улица Ленина,276,4,8.9956,11.576,9.316,3.5055,5.4786,True,False,"[29.460651, 46.800081]",13.0232,4,
Гиска,Гиска,улица Ленина,277,4,8.5608,11.1412,8.881,3.5055,5.0448,True,False,"[29.460651, 46.800081]",12.3002,4,
Гиска,Гиска,улица Ленина,279,4,8.5823,11.1626,8.903,3.5055,5.0662,True,False,"[29.460651, 46.800081]",12.3359,4,
Гиска,Гиска,улица Ленина,280,4,9.0564,11.6367,9.377,3.5055,5.5391,True,False,"[29.460651, 46.800081]",13.124,4,
Гиска,Гиска,улица Ленина,285,4,8.6949,11.2753,9.016,3.5055,5.1786,True,False,"[29.460651, 46.800081]",12.5232,4,
Гиска,Гиска,улица Ленина,295,4,8.8744,11.4547,9.195,3.5055,5.3576,True,False,"[29.460651, 46.800081]",12.8215,4,
Гиска,Гиска,улица Ленина,296,4,9.3699,11.9502,9.691,3.5055,5.8518,True,False,"[29.460651, 46.800081]",13.6452,4,
Гиска,Гиска,улица Ленина,297,4,8.8975,11.4778,9.218,3.5055,5.3806,True,False,"[29.460651, 46.800081]",12.8599,4,
Гиска,Гиска,улица Ленина,313,4,9.1248,11.7051,9.446,3.5055,5.6074,True,False,"[29.460651, 46.800081]",13.2379,4,
Гиска,Гиска,улица Ленина,329,4,9.3712,11.9515,9.692,3.5055,5.8531,True,False,"[29.460651, 46.800081]",13.6474,4,
Гиска,Гиска,улица Мира,1а,3,4.0787,6.7705,4.408,3.9957,0.0826,True,False,"[29.47605, 46.790469]",4.5368,2,zone_move_3->2
Гиска,Гиска,улица Мира,2,3,4.0788,6.7707,4.409,3.9957,0.0827,True,False,"[29.476048, 46.790469]",4.5369,2,zone_move_3->2
Гиска,Гиска,улица Мира,2а,3,4.0278,6.7197,4.357,3.9957,0.0319,True,False,"[29.476382, 46.790457]",4.4523,2,zone_move_3->2
Гиска,Гиска,улица Мира,3,3,4.1184,6.8103,4.448,3.9957,0.1222,True,False,"[29.475789, 46.790479]",4.6028,2,zone_move_3->2
Гиска,Гиска,улица Мира,4,3,4.0958,6.7877,4.426,3.9957,0.0996,True,False,"[29.475938, 46.790473]",4.5651,2,zone_move_3->2
Гиска,Гиска,улица Мира,5,3,4.1284,6.8202,4.458,3.9957,0.1321,True,False,"[29.475724, 46.790481]",4.6193,2,zone_move_3->2
Гиска,Гиска,улица Мира,5а,3,4.1368,6.8287,4.467,3.9957,0.1406,True,False,"[29.475669, 46.790482]",4.6334,2,zone_move_3->2
Гиска,Гиска,улица Мира,6,3,4.1202,6.812,4.45,3.9957,0.124,True,False,"[29.475778, 46.790479]",4.6058,2,zone_move_3->2
Гиска,Гиска,улица Мира,7,3,4.1644,6.8563,4.494,3.9957,0.168,True,False,"[29.475489, 46.790489]",4.6791,2,zone_move_3->2
Гиска,Гиска,улица Мира,8,3,4.1743,6.8662,4.504,3.9957,0.1779,True,False,"[29.475424, 46.790492]",4.6956,2,zone_move_3->2
Гиска,Гиска,улица Мира,9,3,4.1996,6.8914,4.529,3.9957,0.2031,True,False,"[29.475319, 46.790496]",4.7376,2,zone_move_3->2
Гиска,Гиска,улица Мира,10,3,4.1932,6.8851,4.523,3.9957,0.1968,True,False,"[29.475319, 46.790496]",4.7271,2,zone_move_3->2
Гиска,Гиска,улица Мира,11,3,4.2394,6.9312,4.569,3.9957,0.2428,True,False,"[29.475319, 46.790496]",4.8038,2,zone_move_3->2
Гиска,Гиска,улица Мира,12,3,4.2275,6.9193,4.557,3.9957,0.2309,True,False,"[29.475319, 46.790496]",4.7839,2,zone_move_3->2
Гиска,Гиска,улица Мира,12а,3,4.2149,6.9068,4.545,3.9957,0.2184,True,False,"[29.475319, 46.790496]",4.7631,2,zone_move_3->2
Гиска,Гиска,улица Мира,13,3,4.2586,6.9504,4.588,3.9957,0.2619,True,False,"[29.475319, 46.790496]",4.8356,2,zone_move_3->2
Гиска,Гиска,улица Мира,14,3,4.2457,6.9376,4.575,3.9957,0.2491,True,False,"[29.475319, 46.790496]",4.8143,2,zone_move_3->2
Гиска,Гиска,улица Мира,15,3,4.2793,6.9711,4.609,3.9957,0.2826,True,False,"[29.475319, 46.790496]",4.8701,2,zone_move_3->2
Гиска,Гиска,улица Мира,16,3,4.2602,6.9521,4.59,3.9957,0.2636,True,False,"[29.475319, 46.790496]",4.8384,2,zone_move_3->2
Гиска,Гиска,улица Мира,17,3,4.3051,6.997,4.635,3.9957,0.3083,True,False,"[29.475319, 46.790496]",4.9129,2,zone_move_3->2
Гиска,Гиска,улица Мира,18,3,4.2781,6.97,4.608,3.9957,0.2814,True,False,"[29.475319, 46.790496]",4.8681,2,zone_move_3->2
Гиска,Гиска,улица Мира,19,3,4.3242,7.0161,4.654,3.9957,0.3273,True,False,"[29.475319, 46.790496]",4.9446,2,zone_move_3->2
Гиска,Гиска,улица Мира,20,3,4.2923,6.9842,4.622,3.9957,0.2956,True,False,"[29.475319, 46.790496]",4.8918,2,zone_move_3->2
Гиска,Гиска,улица Мира,22,3,4.3694,7.0613,4.642,3.9957,0.3724,True,False,"[29.475319, 46.790496]",5.0198,2,zone_move_3->2
Гиска,Гиска,улица Мира,22,3,4.3123,7.0041,4.642,3.9957,0.3155,True,False,"[29.475319, 46.790496]",4.9249,2,zone_move_3->2
Гиска,Гиска,улица Мира,23,3,4.3973,7.0892,4.727,3.9957,0.4003,True,False,"[29.475319, 46.790496]",5.0663,2,zone_move_3->2
Гиска,Гиска,улица Мира,24,3,4.3275,7.0194,4.657,3.9957,0.3306,True,False,"[29.475319, 46.790496]",4.9501,2,zone_move_3->2
Гиска,Гиска,улица Мира,25,3,4.4519,7.1438,4.781,3.9957,0.4547,True,False,"[29.475319, 46.790496]",5.1569,2,zone_move_3->2
Гиска,Гиска,улица Мира,30а,4,6.1753,8.7557,6.496,3.5055,2.6648,True,False,"[29.460651, 46.800081]",8.3335,3,zone_move_4->3
Гиска,Гиска,улица Мира,32,3,4.0197,6.7115,4.349,3.9957,0.0238,True,False,"[29.476435, 46.790455]",4.4388,2,zone_move_3->2
Гиска,Гиска,улица Мира,34,3,4.034,6.7258,4.363,4.0339,0.0,False,False,,4.4373,2,zone_move_3->2
Гиска,Гиска,улица Мира,36,3,4.0495,6.7414,4.379,4.0494,0.0,False,False,,4.4528,2,zone_move_3->2
Гиска,Гиска,улица Мира,38,3,4.064,6.7558,4.393,4.0639,0.0,False,False,,4.4673,2,zone_move_3->2
Гиска,Гиска,улица Мира,40,3,4.0984,6.7903,4.428,4.0984,0.0,False,False,,4.5018,2,zone_move_3->2
Гиска,Гиска,улица Мира,42,3,4.113,6.8049,4.443,4.1129,0.0,False,False,,4.5163,2,zone_move_3->2
Гиска,Гиска,улица Мира,43,4,6.2754,8.8557,6.596,3.5055,2.7646,True,False,"[29.460651, 46.800081]",8.4999,4,
Гиска,Гиска,улица Мира,44,3,4.1289,6.8208,4.458,4.1288,0.0,False,False,,4.5322,2,zone_move_3->2
Гиска,Гиска,улица Мира,51,4,6.1384,8.7187,6.459,3.5055,2.6279,True,False,"[29.460651, 46.800081]",8.272,3,zone_move_4->3
Гиска,Гиска,улица Мира,80,4,5.559,8.1393,5.88,3.5055,2.05,True,False,"[29.460651, 46.800081]",7.3089,3,zone_move_4->3
Гиска,Гиска,улица Мира,82,4,5.5594,8.1397,5.88,3.5055,2.0503,True,False,"[29.460651, 46.800081]",7.3094,3,zone_move_4->3
Гиска,Гиска,улица Мира,93,4,5.5763,8.1566,5.897,3.5055,2.0672,True,False,"[29.460651, 46.800081]",7.3375,3,zone_move_4->3
Гиска,Гиска,улица Мира,95,4,5.5758,8.1561,5.896,3.5055,2.0668,True,False,"[29.460651, 46.800081]",7.3369,3,zone_move_4->3
Гиска,Гиска,улица Мичурина,1,4,7.0572,9.6375,7.378,3.5055,3.545,True,False,"[29.460651, 46.800081]",9.8005,4,
Гиска,Гиска,улица Мичурина,2,4,7.0696,9.6499,7.391,3.5055,3.5574,True,False,"[29.460651, 46.800081]",9.8212,4,
Гиска,Гиска,улица Мичурина,2а,4,7.3107,9.891,7.632,3.5055,3.7985,True,False,"[29.460651, 46.800081]",10.223,4,
Гиска,Гиска,улица Мичурина,5,4,7.1013,9.6817,7.422,3.5055,3.5891,True,False,"[29.460651, 46.800081]",9.874,4,
Гиска,Гиска,улица Мичурина,7,4,7.2853,9.8656,7.607,3.5055,3.7731,True,False,"[29.460651, 46.800081]",10.1807,4,
Гиска,Гиска,улица Мичурина,9,4,7.3312,9.9115,7.651,3.5055,3.819,True,False,"[29.460651, 46.800081]",10.2572,4,
Гиска,Гиска,улица Мичурина,24,4,7.6451,10.2254,7.966,3.5055,4.1328,True,False,"[29.460651, 46.800081]",10.7802,4,
Гиска,Гиска,улица Мичурина,25,4,7.6398,10.2201,7.961,3.5055,4.1275,True,False,"[29.460651, 46.800081]",10.7714,4,
Гиска,Гиска,улица Мичурина,179,4,6.9686,9.5489,7.29,3.5055,3.4565,True,False,"[29.460651, 46.800081]",9.653,4,
Гиска,Гиска,улица Мичурина,181,4,7.014,9.5944,7.335,3.5055,3.5018,True,False,"[29.460651, 46.800081]",9.7285,4,
Гиска,Гиска,улица Победы,1,4,7.4479,10.0282,7.768,3.5055,3.9354,True,False,"[29.460651, 46.800081]",10.4512,4,
Гиска,Гиска,улица Победы,2,4,7.4406,10.021,7.761,3.5055,3.9282,True,False,"[29.460651, 46.800081]",10.4392,4,
Гиска,Гиска,улица Победы,3,4,7.4476,10.0279,7.768,3.5055,3.9351,True,False,"[29.460651, 46.800081]",10.4507,4,
Гиска,Гиска,улица Победы,7,4,7.5061,10.0865,7.827,3.5055,3.9935,True,False,"[29.460651, 46.800081]",10.548,4,
Гиска,Гиска,улица Победы,7,4,7.5985,10.1788,7.827,3.5055,4.0857,True,False,"[29.460651, 46.800081]",10.7017,4,
Гиска,Гиска,улица Победы,9,4,7.5069,10.0872,7.828,3.5055,3.9943,True,False,"[29.460651, 46.800081]",10.5494,4,
Гиска,Гиска,улица Победы,11,4,7.4757,10.0561,7.797,3.5055,3.9632,True,False,"[29.460651, 46.800081]",10.4975,4,
Гиска,Гиска,улица Победы,13,4,7.4415,10.0219,7.762,3.5055,3.929,True,False,"[29.460651, 46.800081]",10.4405,4,
Гиска,Гиска,улица Победы,28,4,7.8734,10.4538,8.194,3.5055,4.3592,True,False,"[29.460651, 46.800081]",11.1575,4,
Гиска,Гиска,улица Победы,31,4,7.8676,10.448,8.187,3.5055,4.3534,True,False,"[29.460651, 46.800081]",11.1479,4,
Гиска,Гиска,улица Победы,33,4,7.8401,10.4204,8.161,3.5055,4.3259,True,False,"[29.460651, 46.800081]",11.102,4,
Гиска,Гиска,улица Победы,48,4,7.6077,10.1881,7.91,3.5055,4.0938,True,False,"[29.460651, 46.800081]",10.7152,4,
Гиска,Гиска,улица Победы,48,4,7.5895,10.1699,7.91,3.5055,4.0756,True,False,"[29.460651, 46.800081]",10.6849,4,
Гиска,Гиска,улица Победы,48а,4,7.6661,10.2465,7.987,3.5055,4.1519,True,False,"[29.460651, 46.800081]",10.812,4,
Гиска,Гиска,улица Победы,51,4,7.61,10.1904,7.931,3.5055,4.096,True,False,"[29.460651, 46.800081]",10.7189,4,
Гиска,Гиска,улица Победы,66а,4,8.152,10.7323,8.473,3.5055,4.6364,True,False,"[29.460651, 46.800081]",11.6195,4,
Гиска,Гиска,улица Победы,68,4,8.2117,10.792,8.532,3.5055,4.6959,True,False,"[29.460651, 46.800081]",11.7187,4,
Гиска,Гиска,улица Победы,81а,4,8.1515,10.7319,8.472,3.5055,4.6359,True,False,"[29.460651, 46.800081]",11.6187,4,
Гиска,Гиска,улица Суворова,1,3,3.9064,6.5983,4.236,3.8057,0.1003,True,False,"[29.475979, 46.792238]",4.3763,2,zone_move_3->2
Гиска,Гиска,улица Суворова,1а,3,3.8577,6.5496,4.187,3.8057,0.0518,True,False,"[29.476292, 46.792199]",4.2954,2,zone_move_3->2
Гиска,Гиска,улица Суворова,2,3,3.8656,6.5574,4.195,3.8057,0.0596,True,False,"[29.476242, 46.792206]",4.3084,2,zone_move_3->2
Гиска,Гиска,улица Суворова,3,3,3.9302,6.6221,4.26,3.8057,0.124,True,False,"[29.475825, 46.792257]",4.4158,2,zone_move_3->2
Гиска,Гиска,улица Суворова,4,3,3.9231,6.615,4.252,3.8057,0.117,True,False,"[29.475871, 46.792251]",4.4041,2,zone_move_3->2
Гиска,Гиска,улица Суворова,5,3,3.9476,6.6395,4.277,3.8057,0.1413,True,False,"[29.475713, 46.792271]",4.4446,2,zone_move_3->2
Гиска,Гиска,улица Суворова,6,2,3.6601,6.3519,3.99,3.6599,0.0,False,False,,4.0633,2,
Гиска,Гиска,улица Суворова,6,2,3.9425,6.6343,3.99,3.8057,0.1362,True,False,"[29.475746, 46.792267]",4.4361,2,
Гиска,Гиска,улица Суворова,7,3,3.9537,6.6456,4.283,3.8057,0.1475,True,False,"[29.475674, 46.792276]",4.4549,2,zone_move_3->2
Гиска,Гиска,улица Суворова,8,2,3.9591,6.651,4.02,3.8057,0.1529,True,False,"[29.475639, 46.79228]",4.4639,2,
Гиска,Гиска,улица Суворова,8,2,3.6915,6.3834,4.02,3.6913,0.0,False,False,,4.0947,2,
Гиска,Гиска,улица Суворова,9,3,3.9814,6.6732,4.31,3.8057,0.175,True,False,"[29.475496, 46.792298]",4.5008,2,zone_move_3->2
Гиска,Гиска,улица Суворова,10,2,3.9827,6.6746,4.042,3.8057,0.1764,True,False,"[29.475487, 46.792299]",4.5031,2,
Гиска,Гиска,улица Суворова,10,2,3.7128,6.4046,4.042,3.7126,0.0,False,False,,4.116,2,
Гиска,Гиска,улица Суворова,11,3,3.9903,6.6821,4.32,3.8057,0.1839,True,False,"[29.475439, 46.792305]",4.5156,2,zone_move_3->2
Гиска,Гиска,улица Суворова,15,3,4.0237,6.7156,4.353,3.8057,0.2172,True,False,"[29.475223, 46.792332]",4.5711,2,zone_move_3->2
Гиска,Гиска,улица Суворова,16а,3,3.8385,6.5304,4.168,3.8057,0.0326,True,False,"[29.476416, 46.792184]",4.2634,2,zone_move_3->2
Гиска,Гиска,улица Суворова,17,3,4.0372,6.729,4.367,3.8057,0.2306,True,False,"[29.475136, 46.792343]",4.5934,2,zone_move_3->2
Гиска,Гиска,улица Суворова,18а,3,3.8508,6.5426,4.18,3.8057,0.0448,True,False,"[29.476337, 46.792194]",4.2838,2,zone_move_3->2
Гиска,Гиска,улица Суворова,19,3,4.0555,6.7474,4.385,3.8057,0.2489,True,False,"[29.475018, 46.792357]",4.6239,2,zone_move_3->2
Гиска,Гиска,улица Суворова,21,4,5.2621,7.8424,5.583,3.5055,1.7514,True,False,"[29.460651, 46.800081]",6.8112,3,zone_move_4->3
Гиска,Гиска,улица Суворова,22,3,3.873,6.5648,4.202,3.8728,0.0,False,False,,4.2762,2,zone_move_3->2
Гиска,Гиска,улица Суворова,23,3,5.0681,7.6484,5.389,3.5055,1.5581,True,False,"[29.460651, 46.800081]",6.489,3,
Гиска,Гиска,улица Суворова,23,3,5.0722,7.6525,5.389,3.5055,1.5621,True,False,"[29.460651, 46.800081]",6.4957,3,
Гиска,Гиска,улица Суворова,24,3,3.895,6.5868,4.224,3.8949,0.0,False,False,,4.2983,2,zone_move_3->2
Гиска,Гиска,улица Суворова,34,3,5.1734,7.7537,5.494,3.5055,1.663,True,False,"[29.460651, 46.800081]",6.6639,3,
Гиска,Гиска,улица Суворова,46,3,5.0287,7.6091,5.304,3.5055,1.5188,True,False,"[29.460651, 46.800081]",6.4235,3,
Гиска,Гиска,улица Суворова,46,3,4.9831,7.5634,5.304,3.5055,1.4733,True,False,"[29.460651, 46.800081]",6.3477,3,
Гиска,Гиска,улица Суворова,62,3,4.7512,7.3316,5.072,3.5055,1.2422,True,False,"[29.460651, 46.800081]",5.9625,2,zone_move_3->2
Гиска,Гиска,улица Суворова,62,3,4.752,7.3323,5.072,3.5055,1.243,True,False,"[29.460651, 46.800081]",5.9639,2,zone_move_3->2
Гиска,Гиска,улица Суворова,75,3,4.6961,7.2765,4.998,3.5055,1.1874,True,False,"[29.460651, 46.800081]",5.8712,2,zone_move_3->2
Гиска,Гиска,улица Суворова,75,3,4.6766,7.257,4.998,3.5055,1.1679,True,False,"[29.460651, 46.800081]",5.8387,2,zone_move_3->2
Гиска,Гиска,улица Суворова,79,2,3.6598,6.3517,3.989,3.6597,0.0,False,False,,4.0631,2,
Гиска,Гиска,улица Суворова,81,2,3.6862,6.3781,4.015,3.686,0.0,False,False,,4.0894,2,
Гиска,Гиска,улица Суворова,83,2,3.7185,6.4104,4.048,3.7184,0.0,False,False,,4.1218,2,
Гиска,Гиска,улица Суворова,83а,2,3.7073,6.3992,4.037,3.7071,0.0,False,False,,4.1105,2,
Гиска,Гиска,улица Суворова,85,2,3.7295,6.4214,4.06,3.7294,0.0,False,False,,4.1328,2,
Гиска,Гиска,улица Суворова,87,2,3.7429,6.4348,4.073,3.7427,0.0,False,False,,4.1461,2,
Гиска,Гиска,улица Суворова,89,3,3.754,6.4459,4.083,3.7538,0.0,False,False,,4.1572,2,zone_move_3->2
Гиска,Гиска,улица Суворова,91,3,3.7685,6.4603,4.098,3.7683,0.0,False,False,,4.1717,2,zone_move_3->2
Гиска,Гиска,улица Суворова,93,3,3.7851,6.477,4.115,3.785,0.0,False,False,,4.1884,2,zone_move_3->2
Гиска,Гиска,улица Суворова,95,3,3.8163,6.5081,4.145,3.8161,0.0,False,False,,4.2195,2,zone_move_3->2
Гиска,Гиска,улица Суворова,97,3,3.8464,6.5383,4.176,3.8463,0.0,False,False,,4.2497,2,zone_move_3->2
Гиска,Гиска,улица Суворова,99,3,3.8631,6.5549,4.192,3.8629,0.0,False,False,,4.2663,2,zone_move_3->2
Гиска,Гиска,улица Суворова,101,3,3.8764,6.5683,4.206,3.8763,0.0,False,False,,4.2797,2,zone_move_3->2
Гиска,Гиска,улица Суворова,103,3,3.892,6.5838,4.221,3.8919,0.0,False,False,,4.2953,2,zone_move_3->2
Гиска,Гиска,улица Ткаченко,1,4,6.5225,9.1028,6.844,3.5055,3.0119,True,False,"[29.460651, 46.800081]",8.912,4,
Гиска,Гиска,улица Ткаченко,2,4,6.5398,9.1201,6.861,3.5055,3.0292,True,False,"[29.460651, 46.800081]",8.9409,4,
Гиска,Гиска,улица Ткаченко,4,4,6.6061,9.1865,6.926,3.5055,3.0956,True,False,"[29.460651, 46.800081]",9.0515,4,
Гиска,Гиска,улица Ткаченко,4а,4,6.6467,9.2271,6.968,3.5055,3.1361,True,False,"[29.460651, 46.800081]",9.119,4,
Гиска,Гиска,улица Ткаченко,7а,4,6.669,9.2494,6.99,3.5055,3.1584,True,False,"[29.460651, 46.800081]",9.1562,4,
Гиска,Гиска,улица Ткаченко,10,4,6.9523,9.5326,7.273,3.5055,3.4417,True,False,"[29.460651, 46.800081]",9.6284,4,
